id,vaccines,tests,confirmed,recovered,deaths,hosp,vent,icu,population,school_closing,workplace_closing,cancel_events,gatherings_restrictions,transport_closing,stay_home_restrictions,internal_movement_restrictions,international_movement_restrictions,information_campaigns,testing_policy,contact_tracing,stringency_index,iso_alpha_3,iso_alpha_2,iso_numeric,currency,administrative_area_level,administrative_area_level_1,administrative_area_level_2,administrative_area_level_3,latitude,longitude,key,key_apple_mobility,key_google_mobility
JPN,,,,,,,,,126529100,0.0,0.0,0.0,0.0,0.0,0.0,0.0,1.0,0.0,1.0,1.0,2.78,JPN,JP,392.0,JPY,1,Japan,,,36.0,138.0,,Japan,JP
JPN,,,,,,,,,126529100,0.0,0.0,0.0,0.0,0.0,0.0,0.0,1.0,0.0,1.0,1.0,2.78,JPN,JP,392.0,JPY,1,Japan,,,36.0,138.0,,Japan,JP
JPN,,,,,,,,,126529100,0.0,0.0,0.0,0.0,0.0,0.0,0.0,1.0,0.0,1.0,1.0,2.78,JPN,JP,392.0,JPY,1,Japan,,,36.0,138.0,,Japan,JP
JPN,,,,,,,,,126529100,0.0,0.0,0.0,0.0,0.0,0.0,0.0,1.0,0.0,1.0,1.0,2.78,JPN,JP,392.0,JPY,1,Japan,,,36.0,138.0,,Japan,JP
JPN,,,,,,,,,126529100,0.0,0.0,0.0,0.0,0.0,0.0,0.0,1.0,0.0,1.0,1.0,2.78,JPN,JP,392.0,JPY,1,Japan,,,36.0,138.0,,Japan,JP
JPN,,,,,,,,,126529100,0.0,0.0,0.0,0.0,0.0,0.0,0.0,1.0,0.0,1.0,1.0,2.78,JPN,JP,392.0,JPY,1,Japan,,,36.0,138.0,,Japan,JP
JPN,,,,,,,,,126529100,0.0,0.0,0.0,0.0,0.0,0.0,0.0,1.0,0.0,1.0,1.0,2.78,JPN,JP,392.0,JPY,1,Japan,,,36.0,138.0,,Japan,JP
JPN,,,,,,,,,126529100,0.0,0.0,0.0,0.0,0.0,0.0,0.0,1.0,0.0,1.0,1.0,2.78,JPN,JP,392.0,JPY,1,Japan,,,36.0,138.0,,Japan,JP
JPN,,,,,,,,,126529100,0.0,0.0,0.0,0.0,0.0,0.0,0.0,1.0,0.0,1.0,1.0,2.78,JPN,JP,392.0,JPY,1,Japan,,,36.0,138.0,,Japan,JP
JPN,,,,,,,,,126529100,0.0,0.0,0.0,0.0,0.0,0.0,0.0,1.0,0.0,1.0,1.0,2.78,JPN,JP,392.0,JPY,1,Japan,,,36.0,138.0,,Japan,JP
JPN,,,,,,,,,126529100,0.0,0.0,0.0,0.0,0.0,0.0,0.0,3.0,0.0,1.0,1.0,8.33,JPN,JP,392.0,JPY,1,Japan,,,36.0,138.0,,Japan,JP
JPN,,,,,,,,,126529100,0.0,0.0,0.0,0.0,0.0,0.0,0.0,3.0,0.0,1.0,1.0,8.33,JPN,JP,392.0,JPY,1,Japan,,,36.0,138.0,,Japan,JP
JPN,,,,,,,,,126529100,0.0,0.0,0.0,0.0,0.0,0.0,0.0,3.0,0.0,1.0,1.0,8.33,JPN,JP,392.0,JPY,1,Japan,,,36.0,138.0,,Japan,JP
JPN,,,,,,,,,126529100,0.0,0.0,0.0,0.0,0.0,0.0,0.0,3.0,2.0,1.0,1.0,19.44,JPN,JP,392.0,JPY,1,Japan,,,36.0,138.0,,Japan,JP
JPN,,,,,,,,,126529100,0.0,0.0,0.0,0.0,0.0,0.0,0.0,3.0,2.0,1.0,1.0,19.44,JPN,JP,392.0,JPY,1,Japan,,,36.0,138.0,,Japan,JP
JPN,,698.0,25.0,4.0,0.0,18.0,,,126529100,0.0,0.0,0.0,0.0,0.0,0.0,0.0,3.0,2.0,1.0,1.0,19.44,JPN,JP,392.0,JPY,1,Japan,,,36.0,138.0,,Japan,JP
JPN,,717.0,25.0,4.0,0.0,21.0,,,126529100,0.0,0.0,0.0,0.0,0.0,0.0,0.0,3.0,2.0,1.0,1.0,19.44,JPN,JP,392.0,JPY,1,Japan,,,36.0,138.0,,Japan,JP
JPN,,,,0.0,0.0,3.0,,,126529100,0.0,0.0,0.0,0.0,0.0,0.0,0.0,3.0,2.0,1.0,1.0,19.44,JPN,JP,392.0,JPY,1,Japan,,,36.0,138.0,,Japan,JP
JPN,,,,0.0,0.0,3.0,,,126529100,0.0,0.0,0.0,0.0,0.0,0.0,0.0,3.0,2.0,1.0,1.0,19.44,JPN,JP,392.0,JPY,1,Japan,,,36.0,138.0,,Japan,JP
JPN,,938.0,26.0,9.0,0.0,17.0,,,126529100,0.0,0.0,0.0,0.0,0.0,0.0,0.0,3.0,2.0,1.0,1.0,19.44,JPN,JP,392.0,JPY,1,Japan,,,36.0,138.0,,Japan,JP
JPN,,764.0,,0.0,0.0,3.0,,,126529100,0.0,0.0,0.0,0.0,0.0,0.0,0.0,3.0,2.0,1.0,1.0,19.44,JPN,JP,392.0,JPY,1,Japan,,,36.0,138.0,,Japan,JP
JPN,,954.0,28.0,10.0,0.0,18.0,,,126529100,0.0,0.0,0.0,0.0,0.0,0.0,0.0,3.0,2.0,1.0,1.0,19.44,JPN,JP,392.0,JPY,1,Japan,,,36.0,138.0,,Japan,JP
JPN,,964.0,29.0,11.0,0.0,18.0,,,126529100,0.0,0.0,0.0,0.0,0.0,0.0,0.0,3.0,2.0,1.0,1.0,19.44,JPN,JP,392.0,JPY,1,Japan,,,36.0,138.0,,Japan,JP
JPN,,978.0,33.0,12.0,1.0,20.0,,,126529100,0.0,0.0,0.0,0.0,0.0,0.0,0.0,3.0,2.0,1.0,1.0,19.44,JPN,JP,392.0,JPY,1,Japan,,,36.0,138.0,,Japan,JP
JPN,,764.0,,,1.0,,,,126529100,0.0,0.0,0.0,0.0,0.0,0.0,0.0,3.0,2.0,1.0,1.0,19.44,JPN,JP,392.0,JPY,1,Japan,,,36.0,138.0,,Japan,JP
JPN,,764.0,,,1.0,,,,126529100,0.0,0.0,0.0,0.0,0.0,0.0,0.0,3.0,2.0,1.0,1.0,19.44,JPN,JP,392.0,JPY,1,Japan,,,36.0,138.0,,Japan,JP
JPN,,1251.0,59.0,18.0,1.0,40.0,,3.0,126529100,0.0,0.0,0.0,0.0,0.0,0.0,0.0,3.0,2.0,1.0,1.0,19.44,JPN,JP,392.0,JPY,1,Japan,,,36.0,138.0,,Japan,JP
JPN,,1287.0,66.0,18.0,1.0,47.0,,3.0,126529100,0.0,0.0,0.0,0.0,0.0,0.0,0.0,3.0,2.0,1.0,1.0,19.44,JPN,JP,392.0,JPY,1,Japan,,,36.0,138.0,,Japan,JP
JPN,,1296.0,73.0,20.0,1.0,52.0,,6.0,126529100,0.0,0.0,0.0,0.0,0.0,0.0,0.0,3.0,2.0,1.0,1.0,19.44,JPN,JP,392.0,JPY,1,Japan,,,36.0,138.0,,Japan,JP
JPN,,1432.0,84.0,22.0,1.0,61.0,,7.0,126529100,0.0,0.0,1.0,0.0,0.0,0.0,0.0,3.0,2.0,1.0,1.0,25.0,JPN,JP,392.0,JPY,1,Japan,,,36.0,138.0,,Japan,JP
JPN,,1522.0,93.0,23.0,1.0,69.0,,9.0,126529100,0.0,0.0,1.0,0.0,0.0,0.0,0.0,3.0,2.0,1.0,1.0,25.0,JPN,JP,392.0,JPY,1,Japan,,,36.0,138.0,,Japan,JP
JPN,,1607.0,105.0,24.0,1.0,80.0,,10.0,126529100,0.0,0.0,1.0,0.0,0.0,0.0,0.0,3.0,2.0,1.0,1.0,25.0,JPN,JP,392.0,JPY,1,Japan,,,36.0,138.0,,Japan,JP
JPN,,1703.0,129.0,24.0,1.0,104.0,,11.0,126529100,0.0,0.0,1.0,0.0,0.0,0.0,0.0,3.0,2.0,1.0,1.0,25.0,JPN,JP,392.0,JPY,1,Japan,,,36.0,138.0,,Japan,JP
JPN,,1742.0,141.0,26.0,1.0,114.0,,13.0,126529100,0.0,0.0,1.0,0.0,0.0,0.0,0.0,3.0,2.0,1.0,1.0,25.0,JPN,JP,392.0,JPY,1,Japan,,,36.0,138.0,,Japan,JP
JPN,,1846.0,155.0,27.0,1.0,127.0,,14.0,126529100,0.0,1.0,1.0,0.0,0.0,0.0,1.0,3.0,2.0,1.0,1.0,34.26,JPN,JP,392.0,JPY,1,Japan,,,36.0,138.0,,Japan,JP
JPN,,1890.0,164.0,32.0,1.0,131.0,,15.0,126529100,0.0,1.0,1.0,0.0,0.0,0.0,1.0,3.0,2.0,1.0,1.0,34.26,JPN,JP,392.0,JPY,1,Japan,,,36.0,138.0,,Japan,JP
JPN,,2058.0,186.0,40.0,3.0,143.0,,16.0,126529100,0.0,1.0,1.0,0.0,0.0,0.0,1.0,3.0,2.0,1.0,1.0,34.26,JPN,JP,392.0,JPY,1,Japan,,,36.0,138.0,,Japan,JP
JPN,,2209.0,210.0,41.0,4.0,165.0,,20.0,126529100,0.0,1.0,1.0,0.0,0.0,0.0,1.0,3.0,2.0,1.0,1.0,34.26,JPN,JP,392.0,JPY,1,Japan,,,36.0,138.0,,Japan,JP
JPN,,2339.0,230.0,42.0,5.0,180.0,,22.0,126529100,0.0,1.0,1.0,0.0,0.0,0.0,1.0,3.0,2.0,1.0,1.0,34.26,JPN,JP,392.0,JPY,1,Japan,,,36.0,138.0,,Japan,JP
JPN,,2517.0,239.0,42.0,5.0,192.0,,23.0,126529100,0.0,1.0,1.0,0.0,0.0,0.0,1.0,3.0,2.0,1.0,1.0,34.26,JPN,JP,392.0,JPY,1,Japan,,,36.0,138.0,,Japan,JP
JPN,,2613.0,254.0,43.0,6.0,205.0,,23.0,126529100,3.0,1.0,1.0,0.0,0.0,0.0,1.0,3.0,2.0,1.0,1.0,43.52,JPN,JP,392.0,JPY,1,Japan,,,36.0,138.0,,Japan,JP
JPN,,2684.0,268.0,46.0,6.0,216.0,,24.0,126529100,3.0,1.0,1.0,0.0,0.0,0.0,1.0,3.0,2.0,1.0,1.0,43.52,JPN,JP,392.0,JPY,1,Japan,,,36.0,138.0,,Japan,JP
JPN,,6519.0,284.0,48.0,6.0,230.0,,24.0,126529100,3.0,1.0,1.0,0.0,0.0,0.0,1.0,3.0,2.0,1.0,1.0,43.52,JPN,JP,392.0,JPY,1,Japan,,,36.0,138.0,,Japan,JP
JPN,,6777.0,317.0,49.0,6.0,262.0,,27.0,126529100,3.0,1.0,1.0,0.0,0.0,0.0,1.0,3.0,2.0,1.0,1.0,43.52,JPN,JP,392.0,JPY,1,Japan,,,36.0,138.0,,Japan,JP
JPN,,7476.0,348.0,69.0,6.0,273.0,,30.0,126529100,3.0,1.0,1.0,0.0,0.0,0.0,1.0,3.0,2.0,1.0,1.0,43.52,JPN,JP,392.0,JPY,1,Japan,,,36.0,138.0,,Japan,JP
JPN,,8029.0,407.0,76.0,6.0,325.0,,28.0,126529100,3.0,1.0,1.0,0.0,0.0,0.0,1.0,3.0,2.0,1.0,1.0,43.52,JPN,JP,392.0,JPY,1,Japan,,,36.0,138.0,,Japan,JP
JPN,,8176.0,454.0,80.0,6.0,368.0,,27.0,126529100,3.0,1.0,1.0,0.0,0.0,0.0,1.0,3.0,2.0,1.0,1.0,43.52,JPN,JP,392.0,JPY,1,Japan,,,36.0,138.0,,Japan,JP
JPN,,8286.0,487.0,101.0,7.0,379.0,,33.0,126529100,3.0,1.0,1.0,0.0,0.0,0.0,1.0,2.0,2.0,1.0,1.0,40.74,JPN,JP,392.0,JPY,1,Japan,,,36.0,138.0,,Japan,JP
JPN,,9600.0,513.0,102.0,9.0,402.0,,31.0,126529100,3.0,1.0,1.0,0.0,0.0,0.0,1.0,2.0,2.0,1.0,1.0,40.74,JPN,JP,392.0,JPY,1,Japan,,,36.0,138.0,,Japan,JP
JPN,,10024.0,567.0,118.0,12.0,437.0,,26.0,126529100,3.0,1.0,1.0,0.0,0.0,0.0,1.0,2.0,2.0,1.0,1.0,40.74,JPN,JP,392.0,JPY,1,Japan,,,36.0,138.0,,Japan,JP
JPN,,10205.0,619.0,123.0,15.0,481.0,,29.0,126529100,3.0,1.0,1.0,0.0,0.0,0.0,1.0,2.0,2.0,1.0,1.0,40.74,JPN,JP,392.0,JPY,1,Japan,,,36.0,138.0,,Japan,JP
JPN,,12060.0,674.0,135.0,19.0,520.0,,32.0,126529100,3.0,1.0,1.0,0.0,0.0,0.0,1.0,2.0,2.0,1.0,1.0,40.74,JPN,JP,392.0,JPY,1,Japan,,,36.0,138.0,,Japan,JP
JPN,,12919.0,714.0,144.0,21.0,548.0,,35.0,126529100,3.0,1.0,1.0,0.0,0.0,0.0,1.0,2.0,2.0,1.0,1.0,40.74,JPN,JP,392.0,JPY,1,Japan,,,36.0,138.0,,Japan,JP
JPN,,13026.0,777.0,157.0,22.0,591.0,,36.0,126529100,3.0,1.0,1.0,0.0,0.0,0.0,1.0,2.0,2.0,1.0,1.0,40.74,JPN,JP,392.0,JPY,1,Japan,,,36.0,138.0,,Japan,JP
JPN,,13068.0,809.0,164.0,24.0,603.0,,41.0,126529100,3.0,1.0,1.0,0.0,0.0,0.0,1.0,2.0,2.0,1.0,1.0,40.74,JPN,JP,392.0,JPY,1,Japan,,,36.0,138.0,,Japan,JP
JPN,,15151.0,824.0,171.0,28.0,621.0,,46.0,126529100,3.0,1.0,1.0,0.0,0.0,0.0,1.0,2.0,2.0,1.0,1.0,40.74,JPN,JP,392.0,JPY,1,Japan,,,36.0,138.0,,Japan,JP
JPN,,15354.0,868.0,191.0,29.0,645.0,,46.0,126529100,3.0,1.0,1.0,0.0,0.0,0.0,1.0,2.0,2.0,1.0,1.0,40.74,JPN,JP,392.0,JPY,1,Japan,,,36.0,138.0,,Japan,JP
JPN,,14901.0,907.0,215.0,31.0,659.0,,49.0,126529100,3.0,1.0,1.0,0.0,0.0,0.0,1.0,2.0,2.0,1.0,1.0,40.74,JPN,JP,392.0,JPY,1,Japan,,,36.0,138.0,,Japan,JP
JPN,,18844.0,943.0,227.0,33.0,681.0,,50.0,126529100,3.0,1.0,1.0,0.0,0.0,0.0,1.0,2.0,2.0,1.0,1.0,40.74,JPN,JP,392.0,JPY,1,Japan,,,36.0,138.0,,Japan,JP
JPN,,18963.0,996.0,232.0,35.0,723.0,,55.0,126529100,3.0,1.0,1.0,0.0,0.0,0.0,1.0,2.0,2.0,1.0,1.0,40.74,JPN,JP,392.0,JPY,1,Japan,,,36.0,138.0,,Japan,JP
JPN,,20228.0,1046.0,272.0,36.0,735.0,,57.0,126529100,3.0,1.0,1.0,0.0,0.0,0.0,1.0,2.0,2.0,1.0,1.0,40.74,JPN,JP,392.0,JPY,1,Japan,,,36.0,138.0,,Japan,JP
JPN,,20340.0,1089.0,285.0,41.0,760.0,,54.0,126529100,3.0,1.0,1.0,0.0,0.0,0.0,1.0,2.0,2.0,1.0,1.0,40.74,JPN,JP,392.0,JPY,1,Japan,,,36.0,138.0,,Japan,JP
JPN,,24430.0,1128.0,301.0,42.0,780.0,,55.0,126529100,3.0,1.0,1.0,0.0,0.0,0.0,1.0,2.0,2.0,1.0,1.0,40.74,JPN,JP,392.0,JPY,1,Japan,,,36.0,138.0,,Japan,JP
JPN,,23521.0,1193.0,310.0,43.0,833.0,,57.0,126529100,3.0,1.0,1.0,0.0,0.0,0.0,1.0,2.0,2.0,1.0,1.0,40.74,JPN,JP,392.0,JPY,1,Japan,,,36.0,138.0,,Japan,JP
JPN,,25171.0,1291.0,359.0,45.0,877.0,,56.0,126529100,3.0,1.0,1.0,0.0,0.0,0.0,1.0,2.0,2.0,1.0,1.0,40.74,JPN,JP,392.0,JPY,1,Japan,,,36.0,138.0,,Japan,JP
JPN,,27005.0,1387.0,372.0,46.0,942.0,,57.0,126529100,3.0,1.0,1.0,0.0,0.0,0.0,1.0,2.0,2.0,1.0,1.0,40.74,JPN,JP,392.0,JPY,1,Japan,,,36.0,138.0,,Japan,JP
JPN,,28464.0,1499.0,404.0,49.0,978.0,,60.0,126529100,3.0,1.0,1.0,0.0,0.0,0.0,1.0,2.0,2.0,1.0,1.0,40.74,JPN,JP,392.0,JPY,1,Japan,,,36.0,138.0,,Japan,JP
JPN,,28760.0,1693.0,424.0,52.0,1217.0,,59.0,126529100,3.0,1.0,1.0,0.0,0.0,0.0,1.0,2.0,2.0,1.0,1.0,40.74,JPN,JP,392.0,JPY,1,Japan,,,36.0,138.0,,Japan,JP
JPN,,28966.0,1866.0,424.0,54.0,1388.0,,59.0,126529100,3.0,1.0,1.0,0.0,0.0,0.0,1.0,2.0,2.0,1.0,1.0,40.74,JPN,JP,392.0,JPY,1,Japan,,,36.0,138.0,,Japan,JP
JPN,,32497.0,1953.0,424.0,56.0,1473.0,,59.0,126529100,3.0,1.0,1.0,0.0,0.0,0.0,1.0,2.0,2.0,1.0,1.0,40.74,JPN,JP,392.0,JPY,1,Japan,,,36.0,138.0,,Japan,JP
JPN,,34508.0,2178.0,472.0,57.0,1649.0,,60.0,126529100,3.0,1.0,1.0,0.0,0.0,0.0,1.0,2.0,2.0,1.0,1.0,40.74,JPN,JP,392.0,JPY,1,Japan,,,36.0,138.0,,Japan,JP
JPN,,34510.0,2381.0,505.0,60.0,1816.0,,62.0,126529100,3.0,1.0,1.0,0.0,0.0,0.0,1.0,2.0,2.0,1.0,1.0,40.74,JPN,JP,392.0,JPY,1,Japan,,,36.0,138.0,,Japan,JP
JPN,,39446.0,2617.0,514.0,63.0,2040.0,,64.0,126529100,3.0,1.0,1.0,0.0,0.0,0.0,1.0,3.0,2.0,1.0,1.0,43.52,JPN,JP,392.0,JPY,1,Japan,,,36.0,138.0,,Japan,JP
JPN,,42882.0,2935.0,575.0,69.0,2291.0,,69.0,126529100,3.0,1.0,1.0,0.0,0.0,0.0,1.0,3.0,2.0,1.0,1.0,43.52,JPN,JP,392.0,JPY,1,Japan,,,36.0,138.0,,Japan,JP
JPN,,44639.0,3271.0,584.0,70.0,2617.0,,70.0,126529100,3.0,1.0,1.0,0.0,0.0,0.0,1.0,3.0,2.0,1.0,1.0,43.52,JPN,JP,392.0,JPY,1,Japan,,,36.0,138.0,,Japan,JP
JPN,,46172.0,3654.0,592.0,73.0,2989.0,,79.0,126529100,3.0,1.0,1.0,0.0,0.0,0.0,1.0,3.0,2.0,1.0,1.0,43.52,JPN,JP,392.0,JPY,1,Japan,,,36.0,138.0,,Japan,JP
JPN,,55311.0,3906.0,622.0,80.0,3204.0,,80.0,126529100,3.0,1.0,1.0,0.0,0.0,1.0,1.0,3.0,2.0,1.0,1.0,45.37,JPN,JP,392.0,JPY,1,Japan,,,36.0,138.0,,Japan,JP
JPN,,61498.0,4257.0,632.0,81.0,3544.0,,99.0,126529100,3.0,1.0,1.0,0.0,0.0,1.0,1.0,3.0,2.0,1.0,1.0,45.37,JPN,JP,392.0,JPY,1,Japan,,,36.0,138.0,,Japan,JP
JPN,,64387.0,4768.0,685.0,85.0,3998.0,,109.0,126529100,3.0,1.0,1.0,0.0,0.0,1.0,1.0,3.0,2.0,1.0,1.0,45.37,JPN,JP,392.0,JPY,1,Japan,,,36.0,138.0,,Japan,JP
JPN,,68771.0,5347.0,714.0,88.0,4545.0,,117.0,126529100,3.0,1.0,1.0,0.0,0.0,1.0,1.0,3.0,2.0,1.0,1.0,45.37,JPN,JP,392.0,JPY,1,Japan,,,36.0,138.0,,Japan,JP
JPN,,74891.0,6005.0,762.0,94.0,5149.0,,122.0,126529100,3.0,1.0,1.0,0.0,0.0,1.0,1.0,3.0,2.0,1.0,1.0,45.37,JPN,JP,392.0,JPY,1,Japan,,,36.0,138.0,,Japan,JP
JPN,,77381.0,6748.0,784.0,98.0,5866.0,,129.0,126529100,3.0,1.0,1.0,0.0,0.0,1.0,1.0,3.0,2.0,1.0,1.0,45.37,JPN,JP,392.0,JPY,1,Japan,,,36.0,138.0,,Japan,JP
JPN,,78702.0,7255.0,799.0,102.0,6354.0,,135.0,126529100,3.0,1.0,1.0,0.0,0.0,1.0,1.0,3.0,2.0,1.0,1.0,45.37,JPN,JP,392.0,JPY,1,Japan,,,36.0,138.0,,Japan,JP
JPN,,89551.0,7645.0,853.0,109.0,6683.0,,152.0,126529100,3.0,1.0,1.0,0.0,0.0,1.0,1.0,3.0,2.0,1.0,1.0,45.37,JPN,JP,392.0,JPY,1,Japan,,,36.0,138.0,,Japan,JP
JPN,,94236.0,8100.0,901.0,119.0,7080.0,,168.0,126529100,3.0,1.0,1.0,0.0,0.0,1.0,1.0,3.0,2.0,1.0,1.0,45.37,JPN,JP,392.0,JPY,1,Japan,,,36.0,138.0,,Japan,JP
JPN,,100703.0,8582.0,935.0,136.0,7511.0,,193.0,126529100,3.0,1.0,1.0,0.0,0.0,1.0,1.0,3.0,2.0,1.0,1.0,47.22,JPN,JP,392.0,JPY,1,Japan,,,36.0,138.0,,Japan,JP
JPN,,106372.0,9167.0,1012.0,148.0,8007.0,,207.0,126529100,3.0,1.0,1.0,0.0,0.0,1.0,1.0,3.0,2.0,1.0,1.0,47.22,JPN,JP,392.0,JPY,1,Japan,,,36.0,138.0,,Japan,JP
JPN,,111325.0,9795.0,1069.0,154.0,8572.0,,211.0,126529100,3.0,1.0,1.0,0.0,0.0,1.0,1.0,3.0,2.0,1.0,1.0,47.22,JPN,JP,392.0,JPY,1,Japan,,,36.0,138.0,,Japan,JP
JPN,,112816.0,10361.0,1159.0,161.0,9041.0,,217.0,126529100,3.0,1.0,1.0,0.0,0.0,1.0,1.0,3.0,2.0,1.0,1.0,47.22,JPN,JP,392.0,JPY,1,Japan,,,36.0,138.0,,Japan,JP
JPN,,116725.0,10751.0,1239.0,171.0,9341.0,,231.0,126529100,3.0,1.0,1.0,0.0,0.0,1.0,1.0,3.0,2.0,1.0,1.0,47.22,JPN,JP,392.0,JPY,1,Japan,,,36.0,138.0,,Japan,JP
JPN,,124550.0,11119.0,1356.0,186.0,9577.0,,232.0,126529100,3.0,1.0,1.0,0.0,0.0,1.0,1.0,3.0,2.0,1.0,1.0,47.22,JPN,JP,392.0,JPY,1,Japan,,,36.0,138.0,,Japan,JP
JPN,,130587.0,11496.0,1424.0,203.0,9869.0,,241.0,126529100,3.0,1.0,1.0,0.0,0.0,1.0,1.0,3.0,2.0,1.0,1.0,47.22,JPN,JP,392.0,JPY,1,Japan,,,36.0,138.0,,Japan,JP
JPN,,135983.0,11919.0,1494.0,213.0,10212.0,,259.0,126529100,3.0,1.0,1.0,0.0,0.0,1.0,1.0,3.0,2.0,1.0,1.0,47.22,JPN,JP,392.0,JPY,1,Japan,,,36.0,138.0,,Japan,JP
JPN,,141600.0,12388.0,1556.0,232.0,10600.0,,263.0,126529100,3.0,1.0,1.0,0.0,0.0,1.0,1.0,3.0,2.0,1.0,1.0,47.22,JPN,JP,392.0,JPY,1,Japan,,,36.0,138.0,,Japan,JP
JPN,,147454.0,12829.0,1650.0,247.0,10932.0,,287.0,126529100,3.0,1.0,1.0,0.0,0.0,1.0,1.0,3.0,2.0,1.0,1.0,47.22,JPN,JP,392.0,JPY,1,Japan,,,36.0,138.0,,Japan,JP
JPN,,149074.0,13182.0,1751.0,251.0,11180.0,,296.0,126529100,3.0,1.0,1.0,0.0,0.0,1.0,1.0,3.0,2.0,1.0,1.0,47.22,JPN,JP,392.0,JPY,1,Japan,,,36.0,138.0,,Japan,JP
JPN,,150692.0,13385.0,1821.0,253.0,11311.0,,300.0,126529100,3.0,1.0,1.0,0.0,0.0,1.0,1.0,3.0,2.0,1.0,1.0,47.22,JPN,JP,392.0,JPY,1,Japan,,,36.0,138.0,,Japan,JP
JPN,,160546.0,13576.0,1920.0,267.0,11389.0,,305.0,126529100,3.0,1.0,1.0,0.0,0.0,1.0,1.0,3.0,2.0,1.0,1.0,47.22,JPN,JP,392.0,JPY,1,Japan,,,36.0,138.0,,Japan,JP
JPN,,164255.0,13852.0,2008.0,277.0,11567.0,,306.0,126529100,3.0,1.0,1.0,0.0,0.0,1.0,1.0,3.0,2.0,1.0,1.0,47.22,JPN,JP,392.0,JPY,1,Japan,,,36.0,138.0,,Japan,JP
JPN,,165609.0,14088.0,2073.0,288.0,11727.0,,308.0,126529100,3.0,1.0,1.0,0.0,0.0,1.0,1.0,3.0,2.0,1.0,1.0,47.22,JPN,JP,392.0,JPY,1,Japan,,,36.0,138.0,,Japan,JP
JPN,,174150.0,14281.0,2407.0,306.0,11568.0,,328.0,126529100,3.0,1.0,1.0,0.0,0.0,1.0,1.0,3.0,2.0,1.0,1.0,47.22,JPN,JP,392.0,JPY,1,Japan,,,36.0,138.0,,Japan,JP
JPN,,181527.0,14544.0,2528.0,314.0,11702.0,,324.0,126529100,3.0,1.0,1.0,0.0,0.0,1.0,1.0,3.0,2.0,1.0,1.0,47.22,JPN,JP,392.0,JPY,1,Japan,,,36.0,138.0,,Japan,JP
JPN,,183251.0,14839.0,2643.0,327.0,11869.0,,321.0,126529100,3.0,1.0,1.0,0.0,0.0,1.0,1.0,3.0,2.0,1.0,1.0,47.22,JPN,JP,392.0,JPY,1,Japan,,,36.0,138.0,,Japan,JP
JPN,,184586.0,15057.0,2734.0,355.0,11968.0,,308.0,126529100,3.0,1.0,1.0,0.0,0.0,1.0,1.0,3.0,2.0,1.0,1.0,47.22,JPN,JP,392.0,JPY,1,Japan,,,36.0,138.0,,Japan,JP
JPN,,186343.0,15231.0,2784.0,369.0,12080.0,,309.0,126529100,3.0,1.0,1.0,0.0,0.0,1.0,1.0,3.0,2.0,1.0,1.0,47.22,JPN,JP,392.0,JPY,1,Japan,,,36.0,138.0,,Japan,JP
JPN,,188927.0,15354.0,3094.0,384.0,11876.0,,308.0,126529100,3.0,1.0,1.0,0.0,0.0,1.0,1.0,3.0,2.0,1.0,1.0,47.22,JPN,JP,392.0,JPY,1,Japan,,,36.0,138.0,,Japan,JP
JPN,,190030.0,15463.0,3289.0,390.0,11785.0,,300.0,126529100,3.0,1.0,1.0,0.0,0.0,1.0,1.0,3.0,2.0,1.0,1.0,47.22,JPN,JP,392.0,JPY,1,Japan,,,36.0,138.0,,Japan,JP
JPN,,202013.0,15547.0,3710.0,403.0,11434.0,,287.0,126529100,3.0,1.0,1.0,0.0,0.0,1.0,1.0,3.0,2.0,1.0,1.0,47.22,JPN,JP,392.0,JPY,1,Japan,,,36.0,138.0,,Japan,JP
JPN,,211997.0,15867.0,8127.0,624.0,6451.0,,266.0,126529100,3.0,1.0,1.0,0.0,0.0,1.0,1.0,3.0,2.0,1.0,1.0,47.22,JPN,JP,392.0,JPY,1,Japan,,,36.0,138.0,,Japan,JP
JPN,,214256.0,15936.0,8293.0,633.0,6399.0,,267.0,126529100,3.0,1.0,1.0,0.0,0.0,1.0,1.0,3.0,2.0,1.0,1.0,47.22,JPN,JP,392.0,JPY,1,Japan,,,36.0,138.0,,Japan,JP
JPN,,218204.0,15979.0,8531.0,657.0,6225.0,,249.0,126529100,3.0,1.0,1.0,0.0,0.0,1.0,1.0,3.0,2.0,1.0,1.0,47.22,JPN,JP,392.0,JPY,1,Japan,,,36.0,138.0,,Japan,JP
JPN,,223649.0,16059.0,8920.0,678.0,6065.0,,243.0,126529100,3.0,1.0,1.0,0.0,0.0,1.0,1.0,3.0,2.0,1.0,1.0,47.22,JPN,JP,392.0,JPY,1,Japan,,,36.0,138.0,,Japan,JP
JPN,,223667.0,16112.0,9868.0,696.0,5315.0,,259.0,126529100,3.0,1.0,1.0,0.0,0.0,1.0,1.0,3.0,2.0,1.0,1.0,47.22,JPN,JP,392.0,JPY,1,Japan,,,36.0,138.0,,Japan,JP
JPN,,233144.0,16211.0,10338.0,713.0,4886.0,,245.0,126529100,3.0,1.0,1.0,0.0,0.0,1.0,1.0,3.0,2.0,1.0,1.0,40.74,JPN,JP,392.0,JPY,1,Japan,,,36.0,138.0,,Japan,JP
JPN,,230882.0,16259.0,10809.0,729.0,4493.0,,237.0,126529100,3.0,1.0,1.0,0.0,0.0,1.0,1.0,3.0,2.0,1.0,1.0,40.74,JPN,JP,392.0,JPY,1,Japan,,,36.0,138.0,,Japan,JP
JPN,,240368.0,16315.0,11153.0,748.0,4179.0,,232.0,126529100,3.0,1.0,1.0,0.0,0.0,1.0,1.0,3.0,2.0,1.0,1.0,40.74,JPN,JP,392.0,JPY,1,Japan,,,36.0,138.0,,Japan,JP
JPN,,244452.0,16338.0,11415.0,756.0,3943.0,,230.0,126529100,3.0,1.0,1.0,0.0,0.0,1.0,1.0,3.0,2.0,1.0,1.0,40.74,JPN,JP,392.0,JPY,1,Japan,,,36.0,138.0,,Japan,JP
JPN,,250151.0,16369.0,11564.0,768.0,3823.0,,228.0,126529100,3.0,1.0,1.0,0.0,0.0,1.0,1.0,3.0,2.0,1.0,1.0,40.74,JPN,JP,392.0,JPY,1,Japan,,,36.0,138.0,,Japan,JP
JPN,,255675.0,16396.0,11883.0,773.0,3556.0,,213.0,126529100,3.0,1.0,1.0,0.0,0.0,1.0,1.0,3.0,2.0,1.0,1.0,40.74,JPN,JP,392.0,JPY,1,Japan,,,36.0,138.0,,Japan,JP
JPN,,258277.0,16434.0,12285.0,784.0,3165.0,,210.0,126529100,3.0,1.0,1.0,0.0,0.0,1.0,1.0,3.0,2.0,1.0,1.0,40.74,JPN,JP,392.0,JPY,1,Japan,,,36.0,138.0,,Japan,JP
JPN,,261572.0,16472.0,12670.0,799.0,2917.0,,195.0,126529100,3.0,1.0,1.0,0.0,0.0,1.0,1.0,3.0,2.0,1.0,1.0,40.74,JPN,JP,392.0,JPY,1,Japan,,,36.0,138.0,,Japan,JP
JPN,,265502.0,16495.0,13003.0,814.0,2652.0,,176.0,126529100,3.0,1.0,1.0,0.0,0.0,1.0,1.0,3.0,2.0,1.0,1.0,40.74,JPN,JP,392.0,JPY,1,Japan,,,36.0,138.0,,Japan,JP
JPN,,268477.0,16520.0,13242.0,825.0,2450.0,,174.0,126529100,3.0,1.0,1.0,0.0,0.0,1.0,1.0,3.0,2.0,1.0,1.0,40.74,JPN,JP,392.0,JPY,1,Japan,,,36.0,138.0,,Japan,JP
JPN,,271201.0,16561.0,13411.0,840.0,2287.0,,168.0,126529100,3.0,1.0,1.0,0.0,0.0,1.0,1.0,3.0,2.0,1.0,1.0,40.74,JPN,JP,392.0,JPY,1,Japan,,,36.0,138.0,,Japan,JP
JPN,,272688.0,16582.0,13609.0,852.0,2121.0,,165.0,126529100,3.0,0.0,,0.0,0.0,0.0,1.0,3.0,2.0,1.0,1.0,31.48,JPN,JP,392.0,JPY,1,Japan,,,36.0,138.0,,Japan,JP
JPN,,276170.0,16611.0,13807.0,863.0,1950.0,,155.0,126529100,3.0,0.0,1.0,0.0,0.0,0.0,1.0,3.0,2.0,1.0,1.0,34.26,JPN,JP,392.0,JPY,1,Japan,,,36.0,138.0,,Japan,JP
JPN,,278642.0,16646.0,13969.0,870.0,1803.0,,147.0,126529100,3.0,0.0,1.0,0.0,0.0,0.0,1.0,3.0,2.0,1.0,1.0,34.26,JPN,JP,392.0,JPY,1,Japan,,,36.0,138.0,,Japan,JP
JPN,,281293.0,16705.0,14143.0,884.0,1654.0,,136.0,126529100,3.0,0.0,1.0,0.0,0.0,0.0,1.0,3.0,2.0,1.0,1.0,34.26,JPN,JP,392.0,JPY,1,Japan,,,36.0,138.0,,Japan,JP
JPN,,284763.0,16779.0,14250.0,890.0,1574.0,,131.0,126529100,3.0,0.0,1.0,0.0,0.0,0.0,1.0,3.0,2.0,1.0,1.0,34.26,JPN,JP,392.0,JPY,1,Japan,,,36.0,138.0,,Japan,JP
JPN,,287754.0,16822.0,14402.0,895.0,1494.0,,123.0,126529100,3.0,0.0,1.0,0.0,0.0,0.0,1.0,3.0,2.0,1.0,1.0,34.26,JPN,JP,392.0,JPY,1,Japan,,,36.0,138.0,,Japan,JP
JPN,,290436.0,16855.0,14455.0,898.0,1484.0,,119.0,126529100,3.0,0.0,1.0,0.0,0.0,0.0,1.0,3.0,2.0,1.0,1.0,34.26,JPN,JP,392.0,JPY,1,Japan,,,36.0,138.0,,Japan,JP
JPN,,292569.0,16892.0,14498.0,900.0,1472.0,,115.0,126529100,1.0,0.0,1.0,0.0,0.0,0.0,1.0,3.0,2.0,1.0,1.0,28.7,JPN,JP,392.0,JPY,1,Japan,,,36.0,138.0,,Japan,JP
JPN,,296383.0,16943.0,14646.0,903.0,1378.0,,113.0,126529100,1.0,0.0,1.0,0.0,0.0,0.0,1.0,3.0,2.0,1.0,1.0,28.7,JPN,JP,392.0,JPY,1,Japan,,,36.0,138.0,,Japan,JP
JPN,,300277.0,16973.0,14766.0,907.0,1308.0,,101.0,126529100,1.0,0.0,1.0,0.0,0.0,0.0,1.0,3.0,2.0,1.0,1.0,28.7,JPN,JP,392.0,JPY,1,Japan,,,36.0,138.0,,Japan,JP
JPN,,303633.0,17019.0,14862.0,913.0,1241.0,,102.0,126529100,1.0,0.0,1.0,0.0,0.0,0.0,1.0,3.0,2.0,1.0,1.0,28.7,JPN,JP,392.0,JPY,1,Japan,,,36.0,138.0,,Japan,JP
JPN,,307462.0,17063.0,14967.0,917.0,1178.0,,98.0,126529100,1.0,0.0,1.0,0.0,0.0,0.0,1.0,3.0,2.0,1.0,1.0,28.7,JPN,JP,392.0,JPY,1,Japan,,,36.0,138.0,,Japan,JP
JPN,,311447.0,17109.0,15074.0,919.0,1103.0,,99.0,126529100,1.0,0.0,1.0,0.0,0.0,0.0,1.0,3.0,2.0,1.0,1.0,28.7,JPN,JP,392.0,JPY,1,Japan,,,36.0,138.0,,Japan,JP
JPN,,314483.0,17147.0,15132.0,919.0,1082.0,,98.0,126529100,1.0,0.0,1.0,0.0,0.0,0.0,1.0,3.0,2.0,1.0,1.0,28.7,JPN,JP,392.0,JPY,1,Japan,,,36.0,138.0,,Japan,JP
JPN,,316848.0,17168.0,15141.0,922.0,1106.0,,99.0,126529100,1.0,0.0,1.0,0.0,0.0,0.0,1.0,3.0,2.0,1.0,1.0,28.7,JPN,JP,392.0,JPY,1,Japan,,,36.0,138.0,,Japan,JP
JPN,,321053.0,17213.0,15208.0,923.0,1074.0,,92.0,126529100,1.0,0.0,1.0,0.0,0.0,0.0,1.0,3.0,2.0,1.0,1.0,28.7,JPN,JP,392.0,JPY,1,Japan,,,36.0,138.0,,Japan,JP
JPN,,324675.0,17251.0,15294.0,925.0,1026.0,,91.0,126529100,1.0,0.0,1.0,0.0,0.0,0.0,1.0,3.0,2.0,1.0,1.0,28.7,JPN,JP,392.0,JPY,1,Japan,,,36.0,138.0,,Japan,JP
JPN,,328730.0,17293.0,15379.0,925.0,981.0,,88.0,126529100,1.0,0.0,1.0,0.0,0.0,0.0,1.0,3.0,2.0,1.0,1.0,28.7,JPN,JP,392.0,JPY,1,Japan,,,36.0,138.0,,Japan,JP
JPN,,332207.0,17354.0,15489.0,929.0,911.0,,82.0,126529100,1.0,0.0,1.0,0.0,0.0,0.0,1.0,3.0,2.0,1.0,1.0,28.7,JPN,JP,392.0,JPY,1,Japan,,,36.0,138.0,,Japan,JP
JPN,,336161.0,17399.0,15576.0,931.0,872.0,,76.0,126529100,1.0,0.0,1.0,0.0,0.0,0.0,1.0,3.0,2.0,1.0,1.0,28.7,JPN,JP,392.0,JPY,1,Japan,,,36.0,138.0,,Japan,JP
JPN,,338758.0,17474.0,15639.0,931.0,859.0,,73.0,126529100,1.0,0.0,1.0,0.0,0.0,0.0,1.0,3.0,2.0,1.0,1.0,28.7,JPN,JP,392.0,JPY,1,Japan,,,36.0,138.0,,Japan,JP
JPN,,339735.0,17545.0,15682.0,933.0,877.0,,71.0,126529100,1.0,0.0,1.0,0.0,0.0,0.0,1.0,3.0,2.0,2.0,1.0,28.7,JPN,JP,392.0,JPY,1,Japan,,,36.0,138.0,,Japan,JP
JPN,,344526.0,17589.0,15697.0,938.0,954.0,,80.0,126529100,1.0,0.0,1.0,0.0,0.0,0.0,1.0,3.0,2.0,2.0,1.0,28.7,JPN,JP,392.0,JPY,1,Japan,,,36.0,138.0,,Japan,JP
JPN,,348051.0,17635.0,15846.0,939.0,845.0,,70.0,126529100,1.0,0.0,1.0,0.0,0.0,0.0,1.0,3.0,2.0,2.0,1.0,28.7,JPN,JP,392.0,JPY,1,Japan,,,36.0,138.0,,Japan,JP
JPN,,396433.0,17705.0,15926.0,941.0,800.0,,62.0,126529100,1.0,0.0,1.0,0.0,0.0,0.0,1.0,3.0,2.0,2.0,1.0,28.7,JPN,JP,392.0,JPY,1,Japan,,,36.0,138.0,,Japan,JP
JPN,,403380.0,17761.0,16004.0,958.0,794.0,,62.0,126529100,1.0,0.0,1.0,0.0,0.0,0.0,1.0,3.0,2.0,2.0,1.0,28.7,JPN,JP,392.0,JPY,1,Japan,,,36.0,138.0,,Japan,JP
JPN,,409022.0,17825.0,16073.0,958.0,767.0,,61.0,126529100,1.0,0.0,1.0,0.0,0.0,0.0,1.0,3.0,2.0,2.0,1.0,28.7,JPN,JP,392.0,JPY,1,Japan,,,36.0,138.0,,Japan,JP
JPN,,412669.0,17880.0,16104.0,959.0,801.0,,59.0,126529100,1.0,0.0,1.0,0.0,0.0,0.0,0.0,3.0,2.0,2.0,1.0,25.93,JPN,JP,392.0,JPY,1,Japan,,,36.0,138.0,,Japan,JP
JPN,,417951.0,17923.0,16129.0,960.0,829.0,,59.0,126529100,1.0,0.0,1.0,0.0,0.0,0.0,0.0,3.0,2.0,2.0,1.0,25.93,JPN,JP,392.0,JPY,1,Japan,,,36.0,138.0,,Japan,JP
JPN,,424767.0,17980.0,16208.0,964.0,798.0,,62.0,126529100,1.0,0.0,1.0,0.0,0.0,0.0,0.0,3.0,2.0,2.0,1.0,25.93,JPN,JP,392.0,JPY,1,Japan,,,36.0,138.0,,Japan,JP
JPN,,429481.0,18076.0,16259.0,968.0,794.0,,60.0,126529100,1.0,0.0,1.0,0.0,0.0,0.0,0.0,3.0,2.0,2.0,1.0,25.93,JPN,JP,392.0,JPY,1,Japan,,,36.0,138.0,,Japan,JP
JPN,,435495.0,18157.0,16316.0,970.0,816.0,,58.0,126529100,1.0,0.0,1.0,0.0,0.0,0.0,0.0,3.0,2.0,2.0,1.0,25.93,JPN,JP,392.0,JPY,1,Japan,,,36.0,138.0,,Japan,JP
JPN,,440739.0,18262.0,16388.0,970.0,833.0,,51.0,126529100,1.0,0.0,1.0,0.0,0.0,0.0,0.0,3.0,2.0,2.0,1.0,25.93,JPN,JP,392.0,JPY,1,Japan,,,36.0,138.0,,Japan,JP
JPN,,446589.0,18354.0,16448.0,971.0,869.0,,48.0,126529100,1.0,0.0,1.0,0.0,0.0,0.0,0.0,3.0,2.0,2.0,1.0,25.93,JPN,JP,392.0,JPY,1,Japan,,,36.0,138.0,,Japan,JP
JPN,,451772.0,18467.0,16501.0,971.0,906.0,,45.0,126529100,1.0,0.0,1.0,0.0,0.0,0.0,0.0,3.0,2.0,2.0,1.0,25.93,JPN,JP,392.0,JPY,1,Japan,,,36.0,138.0,,Japan,JP
JPN,,454609.0,18577.0,16553.0,971.0,939.0,,43.0,126529100,1.0,0.0,1.0,0.0,0.0,0.0,0.0,3.0,2.0,2.0,1.0,25.93,JPN,JP,392.0,JPY,1,Japan,,,36.0,138.0,,Japan,JP
JPN,,461446.0,18715.0,16627.0,973.0,984.0,,42.0,126529100,1.0,0.0,1.0,0.0,0.0,0.0,0.0,3.0,2.0,2.0,1.0,25.93,JPN,JP,392.0,JPY,1,Japan,,,36.0,138.0,,Japan,JP
JPN,,467444.0,18842.0,16726.0,975.0,1016.0,,40.0,126529100,1.0,0.0,1.0,0.0,0.0,0.0,0.0,3.0,2.0,2.0,1.0,25.93,JPN,JP,392.0,JPY,1,Japan,,,36.0,138.0,,Japan,JP
JPN,,475308.0,19036.0,16767.0,976.0,1125.0,,37.0,126529100,1.0,0.0,1.0,0.0,0.0,0.0,0.0,3.0,2.0,2.0,1.0,25.93,JPN,JP,392.0,JPY,1,Japan,,,36.0,138.0,,Japan,JP
JPN,,481877.0,19287.0,16862.0,976.0,1223.0,,33.0,126529100,1.0,0.0,1.0,0.0,0.0,0.0,0.0,3.0,2.0,2.0,1.0,25.93,JPN,JP,392.0,JPY,1,Japan,,,36.0,138.0,,Japan,JP
JPN,,490287.0,19560.0,16955.0,976.0,1344.0,,32.0,126529100,1.0,0.0,1.0,0.0,0.0,0.0,0.0,3.0,2.0,2.0,1.0,25.93,JPN,JP,392.0,JPY,1,Japan,,,36.0,138.0,,Japan,JP
JPN,,495164.0,19768.0,17025.0,976.0,1514.0,,33.0,126529100,1.0,0.0,1.0,0.0,0.0,0.0,0.0,3.0,2.0,2.0,1.0,25.93,JPN,JP,392.0,JPY,1,Japan,,,36.0,138.0,,Japan,JP
JPN,,499898.0,19944.0,17100.0,977.0,1692.0,,34.0,126529100,1.0,0.0,1.0,0.0,0.0,0.0,0.0,3.0,2.0,2.0,1.0,25.93,JPN,JP,392.0,JPY,1,Japan,,,36.0,138.0,,Japan,JP
JPN,,509993.0,20152.0,17190.0,979.0,1806.0,,36.0,126529100,1.0,0.0,1.0,0.0,0.0,0.0,0.0,3.0,2.0,2.0,1.0,25.93,JPN,JP,392.0,JPY,1,Japan,,,36.0,138.0,,Japan,JP
JPN,,518210.0,20359.0,17325.0,981.0,1862.0,,35.0,126529100,1.0,0.0,1.0,0.0,0.0,0.0,0.0,3.0,2.0,2.0,1.0,25.93,JPN,JP,392.0,JPY,1,Japan,,,36.0,138.0,,Japan,JP
JPN,,527546.0,20714.0,17461.0,981.0,1920.0,,38.0,126529100,1.0,0.0,1.0,0.0,0.0,0.0,0.0,3.0,2.0,2.0,1.0,25.93,JPN,JP,392.0,JPY,1,Japan,,,36.0,138.0,,Japan,JP
JPN,,540411.0,21146.0,17647.0,981.0,2078.0,,31.0,126529100,1.0,0.0,1.0,0.0,0.0,0.0,0.0,3.0,2.0,2.0,1.0,25.93,JPN,JP,392.0,JPY,1,Japan,,,36.0,138.0,,Japan,JP
JPN,,551664.0,21530.0,17840.0,982.0,2298.0,,33.0,126529100,1.0,0.0,1.0,0.0,0.0,0.0,0.0,3.0,2.0,2.0,1.0,25.93,JPN,JP,392.0,JPY,1,Japan,,,36.0,138.0,,Japan,JP
JPN,,558622.0,21937.0,18000.0,982.0,2511.0,,32.0,126529100,1.0,0.0,1.0,0.0,0.0,0.0,0.0,3.0,2.0,2.0,1.0,25.93,JPN,JP,392.0,JPY,1,Japan,,,36.0,138.0,,Japan,JP
JPN,,560460.0,22196.0,18100.0,983.0,2759.0,,34.0,126529100,1.0,0.0,1.0,0.0,0.0,0.0,0.0,3.0,2.0,2.0,1.0,25.93,JPN,JP,392.0,JPY,1,Japan,,,36.0,138.0,,Japan,JP
JPN,,574432.0,22529.0,18276.0,983.0,2953.0,,40.0,126529100,1.0,0.0,1.0,0.0,0.0,0.0,0.0,3.0,2.0,2.0,1.0,25.93,JPN,JP,392.0,JPY,1,Japan,,,36.0,138.0,,Japan,JP
JPN,,586706.0,22981.0,18538.0,984.0,2978.0,,38.0,126529100,1.0,0.0,1.0,0.0,0.0,0.0,0.0,3.0,2.0,2.0,1.0,25.93,JPN,JP,392.0,JPY,1,Japan,,,36.0,138.0,,Japan,JP
JPN,,599239.0,23603.0,18809.0,984.0,3088.0,,37.0,126529100,1.0,0.0,1.0,0.0,0.0,0.0,0.0,3.0,2.0,2.0,1.0,25.93,JPN,JP,392.0,JPY,1,Japan,,,36.0,138.0,,Japan,JP
JPN,,617049.0,24200.0,19091.0,984.0,3383.0,,39.0,126529100,1.0,0.0,1.0,0.0,0.0,0.0,0.0,3.0,2.0,2.0,1.0,25.93,JPN,JP,392.0,JPY,1,Japan,,,36.0,138.0,,Japan,JP
JPN,,626149.0,24862.0,19361.0,985.0,3772.0,,41.0,126529100,1.0,0.0,1.0,0.0,0.0,0.0,0.0,3.0,2.0,2.0,1.0,25.93,JPN,JP,392.0,JPY,1,Japan,,,36.0,138.0,,Japan,JP
JPN,,634997.0,25372.0,19565.0,985.0,4089.0,,43.0,126529100,1.0,0.0,1.0,0.0,0.0,0.0,0.0,3.0,2.0,2.0,1.0,25.93,JPN,JP,392.0,JPY,1,Japan,,,36.0,138.0,,Japan,JP
JPN,,639821.0,25791.0,19751.0,987.0,4348.0,,47.0,126529100,1.0,0.0,1.0,0.0,0.0,0.0,0.0,3.0,2.0,2.0,1.0,25.93,JPN,JP,392.0,JPY,1,Japan,,,36.0,138.0,,Japan,JP
JPN,,655780.0,26422.0,20149.0,988.0,4580.0,,52.0,126529100,1.0,0.0,1.0,0.0,0.0,0.0,0.0,3.0,2.0,2.0,1.0,25.93,JPN,JP,392.0,JPY,1,Japan,,,36.0,138.0,,Japan,JP
JPN,,670619.0,27217.0,20645.0,989.0,4666.0,,55.0,126529100,1.0,0.0,1.0,0.0,0.0,0.0,0.0,3.0,2.0,2.0,1.0,25.93,JPN,JP,392.0,JPY,1,Japan,,,36.0,138.0,,Japan,JP
JPN,,688036.0,28198.0,21029.0,991.0,5000.0,,59.0,126529100,1.0,0.0,1.0,0.0,0.0,1.0,1.0,3.0,2.0,2.0,1.0,30.56,JPN,JP,392.0,JPY,1,Japan,,,36.0,138.0,,Japan,JP
JPN,,697512.0,28967.0,21321.0,994.0,5635.0,,68.0,126529100,1.0,0.0,1.0,0.0,0.0,1.0,1.0,3.0,2.0,2.0,1.0,30.56,JPN,JP,392.0,JPY,1,Japan,,,36.0,138.0,,Japan,JP
JPN,,704400.0,29773.0,21560.0,997.0,6220.0,,64.0,126529100,1.0,0.0,1.0,0.0,0.0,1.0,1.0,3.0,2.0,2.0,1.0,30.56,JPN,JP,392.0,JPY,1,Japan,,,36.0,138.0,,Japan,JP
JPN,,715283.0,30612.0,21757.0,997.0,6597.0,,66.0,126529100,1.0,1.0,1.0,0.0,0.0,1.0,1.0,3.0,2.0,2.0,1.0,34.26,JPN,JP,392.0,JPY,1,Japan,,,36.0,138.0,,Japan,JP
JPN,,720501.0,31211.0,22111.0,998.0,6861.0,,67.0,126529100,1.0,1.0,1.0,0.0,0.0,1.0,1.0,3.0,2.0,2.0,1.0,34.26,JPN,JP,392.0,JPY,1,Japan,,,36.0,138.0,,Japan,JP
JPN,,746229.0,32196.0,22806.0,1001.0,7131.0,,76.0,126529100,1.0,1.0,1.0,0.0,0.0,1.0,1.0,3.0,2.0,2.0,1.0,34.26,JPN,JP,392.0,JPY,1,Japan,,,36.0,138.0,,Japan,JP
JPN,,765346.0,33466.0,23501.0,1005.0,7379.0,,81.0,126529100,1.0,1.0,1.0,0.0,0.0,1.0,1.0,3.0,2.0,2.0,1.0,34.26,JPN,JP,392.0,JPY,1,Japan,,,36.0,138.0,,Japan,JP
JPN,,785224.0,34774.0,24174.0,1006.0,7846.0,,90.0,126529100,1.0,1.0,1.0,0.0,0.0,1.0,1.0,3.0,2.0,2.0,1.0,34.26,JPN,JP,392.0,JPY,1,Japan,,,36.0,138.0,,Japan,JP
JPN,,806067.0,36361.0,24923.0,1012.0,8408.0,,87.0,126529100,1.0,1.0,1.0,0.0,0.0,1.0,1.0,3.0,2.0,2.0,1.0,34.26,JPN,JP,392.0,JPY,1,Japan,,,36.0,138.0,,Japan,JP
JPN,,824748.0,37894.0,25497.0,1012.0,9294.0,,80.0,126529100,1.0,1.0,1.0,0.0,0.0,1.0,1.0,3.0,2.0,2.0,1.0,34.26,JPN,JP,392.0,JPY,1,Japan,,,36.0,138.0,,Japan,JP
JPN,,836404.0,39225.0,25900.0,1012.0,9751.0,,83.0,126529100,1.0,1.0,1.0,0.0,0.0,1.0,1.0,3.0,2.0,2.0,1.0,34.26,JPN,JP,392.0,JPY,1,Japan,,,36.0,138.0,,Japan,JP
JPN,,849115.0,40190.0,26482.0,1017.0,10770.0,,87.0,126529100,1.0,1.0,1.0,0.0,0.0,1.0,1.0,3.0,2.0,2.0,1.0,34.26,JPN,JP,392.0,JPY,1,Japan,,,36.0,138.0,,Japan,JP
JPN,,877134.0,41436.0,27192.0,1022.0,11334.0,,88.0,126529100,1.0,1.0,1.0,0.0,0.0,1.0,1.0,3.0,2.0,2.0,1.0,34.26,JPN,JP,392.0,JPY,1,Japan,,,36.0,138.0,,Japan,JP
JPN,,897340.0,42790.0,28020.0,1029.0,12038.0,,104.0,126529100,1.0,1.0,1.0,0.0,0.0,1.0,1.0,3.0,2.0,2.0,1.0,34.26,JPN,JP,392.0,JPY,1,Japan,,,36.0,138.0,,Japan,JP
JPN,,938739.0,44275.0,28872.0,1035.0,12293.0,,115.0,126529100,1.0,1.0,1.0,0.0,0.0,1.0,1.0,3.0,2.0,2.0,1.0,32.41,JPN,JP,392.0,JPY,1,Japan,,,36.0,138.0,,Japan,JP
JPN,,961915.0,45879.0,30146.0,1042.0,12551.0,,131.0,126529100,1.0,1.0,1.0,0.0,0.0,1.0,1.0,3.0,2.0,2.0,1.0,32.41,JPN,JP,392.0,JPY,1,Japan,,,36.0,138.0,,Japan,JP
JPN,,986101.0,47450.0,31300.0,1043.0,12938.0,,140.0,126529100,1.0,1.0,1.0,0.0,0.0,1.0,1.0,3.0,2.0,2.0,1.0,32.41,JPN,JP,392.0,JPY,1,Japan,,,36.0,138.0,,Japan,JP
JPN,,999777.0,48890.0,32307.0,1048.0,13262.0,,156.0,126529100,1.0,1.0,1.0,0.0,0.0,1.0,1.0,3.0,2.0,2.0,1.0,32.41,JPN,JP,392.0,JPY,1,Japan,,,36.0,138.0,,Japan,JP
JPN,,1016197.0,49727.0,33046.0,1053.0,13671.0,,161.0,126529100,1.0,1.0,1.0,0.0,0.0,1.0,1.0,3.0,2.0,2.0,1.0,32.41,JPN,JP,392.0,JPY,1,Japan,,,36.0,138.0,,Japan,JP
JPN,,1024235.0,50424.0,33956.0,1060.0,13697.0,,171.0,126529100,1.0,1.0,1.0,0.0,0.0,1.0,1.0,3.0,2.0,2.0,1.0,32.41,JPN,JP,392.0,JPY,1,Japan,,,36.0,138.0,,Japan,JP
JPN,,1058164.0,51402.0,34875.0,1065.0,14048.0,,177.0,126529100,1.0,1.0,1.0,0.0,0.0,1.0,1.0,3.0,2.0,2.0,1.0,32.41,JPN,JP,392.0,JPY,1,Japan,,,36.0,138.0,,Japan,JP
JPN,,1085322.0,52574.0,36114.0,1076.0,13724.0,,203.0,126529100,1.0,1.0,1.0,0.0,0.0,1.0,1.0,3.0,2.0,2.0,1.0,32.41,JPN,JP,392.0,JPY,1,Japan,,,36.0,138.0,,Japan,JP
JPN,,1107537.0,53932.0,37471.0,1085.0,13428.0,,211.0,126529100,1.0,1.0,1.0,0.0,0.0,1.0,1.0,3.0,2.0,2.0,1.0,32.41,JPN,JP,392.0,JPY,1,Japan,,,36.0,138.0,,Japan,JP
JPN,,1164029.0,55158.0,38932.0,1092.0,13296.0,,229.0,126529100,1.0,1.0,1.0,0.0,0.0,1.0,1.0,3.0,2.0,2.0,1.0,32.41,JPN,JP,392.0,JPY,1,Japan,,,36.0,138.0,,Japan,JP
JPN,,1177313.0,56174.0,40075.0,1103.0,13279.0,,232.0,126529100,1.0,1.0,1.0,0.0,0.0,1.0,1.0,3.0,2.0,2.0,1.0,32.41,JPN,JP,392.0,JPY,1,Japan,,,36.0,138.0,,Japan,JP
JPN,,1186468.0,56821.0,41184.0,1118.0,13117.0,,243.0,126529100,1.0,1.0,1.0,0.0,0.0,1.0,1.0,3.0,2.0,2.0,1.0,32.41,JPN,JP,392.0,JPY,1,Japan,,,36.0,138.0,,Japan,JP
JPN,,1214145.0,57737.0,42274.0,1134.0,13062.0,,243.0,126529100,1.0,1.0,1.0,0.0,0.0,1.0,1.0,3.0,2.0,2.0,1.0,32.41,JPN,JP,392.0,JPY,1,Japan,,,36.0,138.0,,Japan,JP
JPN,,1236180.0,58804.0,43820.0,1148.0,12357.0,,239.0,126529100,1.0,1.0,1.0,0.0,0.0,1.0,1.0,3.0,2.0,2.0,1.0,32.41,JPN,JP,392.0,JPY,1,Japan,,,36.0,138.0,,Japan,JP
JPN,,1259422.0,59982.0,45251.0,1159.0,11925.0,,237.0,126529100,1.0,1.0,1.0,0.0,0.0,1.0,1.0,3.0,2.0,2.0,1.0,32.41,JPN,JP,392.0,JPY,1,Japan,,,36.0,138.0,,Japan,JP
JPN,,1282693.0,61018.0,46450.0,1174.0,11913.0,,243.0,126529100,1.0,1.0,1.0,0.0,0.0,1.0,1.0,3.0,2.0,2.0,1.0,32.41,JPN,JP,392.0,JPY,1,Japan,,,36.0,138.0,,Japan,JP
JPN,,1306128.0,62001.0,47609.0,1180.0,11764.0,,243.0,126529100,1.0,1.0,1.0,0.0,0.0,1.0,1.0,3.0,2.0,2.0,1.0,32.41,JPN,JP,392.0,JPY,1,Japan,,,36.0,138.0,,Japan,JP
JPN,,1321079.0,62744.0,48531.0,1189.0,11873.0,,254.0,126529100,1.0,1.0,1.0,0.0,0.0,1.0,1.0,3.0,2.0,2.0,1.0,32.41,JPN,JP,392.0,JPY,1,Japan,,,36.0,138.0,,Japan,JP
JPN,,1333884.0,63237.0,49308.0,1202.0,11846.0,,259.0,126529100,1.0,1.0,1.0,0.0,0.0,1.0,1.0,3.0,2.0,2.0,1.0,32.41,JPN,JP,392.0,JPY,1,Japan,,,36.0,138.0,,Japan,JP
JPN,,1357628.0,63952.0,50413.0,1216.0,11330.0,,252.0,126529100,1.0,1.0,1.0,0.0,0.0,1.0,1.0,3.0,2.0,2.0,1.0,32.41,JPN,JP,392.0,JPY,1,Japan,,,36.0,138.0,,Japan,JP
JPN,,1376783.0,64854.0,51673.0,1229.0,10754.0,,246.0,126529100,1.0,1.0,1.0,0.0,0.0,1.0,1.0,3.0,2.0,2.0,1.0,32.41,JPN,JP,392.0,JPY,1,Japan,,,36.0,138.0,,Japan,JP
JPN,,1397400.0,65716.0,52806.0,1240.0,10418.0,,238.0,126529100,1.0,1.0,1.0,0.0,0.0,1.0,1.0,3.0,2.0,2.0,1.0,32.41,JPN,JP,392.0,JPY,1,Japan,,,36.0,138.0,,Japan,JP
JPN,,1420589.0,66591.0,53976.0,1260.0,10153.0,,227.0,126529100,1.0,1.0,1.0,0.0,0.0,1.0,1.0,3.0,2.0,2.0,1.0,32.41,JPN,JP,392.0,JPY,1,Japan,,,36.0,138.0,,Japan,JP
JPN,,1440826.0,67433.0,55321.0,1271.0,9783.0,,230.0,126529100,1.0,1.0,1.0,0.0,0.0,1.0,1.0,3.0,2.0,2.0,1.0,32.41,JPN,JP,392.0,JPY,1,Japan,,,36.0,138.0,,Japan,JP
JPN,,1455610.0,68032.0,56144.0,1285.0,9785.0,,234.0,126529100,1.0,1.0,1.0,0.0,0.0,1.0,1.0,3.0,2.0,2.0,1.0,32.41,JPN,JP,392.0,JPY,1,Japan,,,36.0,138.0,,Japan,JP
JPN,,1467132.0,68468.0,56787.0,1299.0,9736.0,,236.0,126529100,1.0,1.0,1.0,0.0,0.0,1.0,1.0,3.0,2.0,2.0,1.0,32.41,JPN,JP,392.0,JPY,1,Japan,,,36.0,138.0,,Japan,JP
JPN,,1490975.0,69100.0,57816.0,1313.0,9224.0,,234.0,126529100,1.0,1.0,1.0,0.0,0.0,1.0,1.0,3.0,2.0,2.0,1.0,32.41,JPN,JP,392.0,JPY,1,Japan,,,36.0,138.0,,Japan,JP
JPN,,1510462.0,69690.0,58419.0,1326.0,9212.0,,225.0,126529100,1.0,1.0,1.0,0.0,0.0,1.0,1.0,3.0,2.0,2.0,1.0,32.41,JPN,JP,392.0,JPY,1,Japan,,,36.0,138.0,,Japan,JP
JPN,,1536221.0,70345.0,59517.0,1334.0,8701.0,,218.0,126529100,1.0,1.0,1.0,0.0,0.0,1.0,1.0,3.0,2.0,2.0,1.0,32.41,JPN,JP,392.0,JPY,1,Japan,,,36.0,138.0,,Japan,JP
JPN,,1560505.0,70931.0,60400.0,1351.0,8472.0,,214.0,126529100,1.0,1.0,1.0,0.0,0.0,1.0,1.0,3.0,2.0,2.0,1.0,32.41,JPN,JP,392.0,JPY,1,Japan,,,36.0,138.0,,Japan,JP
JPN,,1577444.0,71529.0,61442.0,1360.0,8047.0,,210.0,126529100,1.0,1.0,1.0,0.0,0.0,1.0,1.0,3.0,2.0,2.0,1.0,32.41,JPN,JP,392.0,JPY,1,Japan,,,36.0,138.0,,Japan,JP
JPN,,1590895.0,71980.0,62063.0,1368.0,7964.0,,211.0,126529100,1.0,1.0,1.0,0.0,0.0,1.0,1.0,3.0,2.0,2.0,1.0,32.41,JPN,JP,392.0,JPY,1,Japan,,,36.0,138.0,,Japan,JP
JPN,,1595070.0,72288.0,62523.0,1379.0,7926.0,,209.0,126529100,1.0,1.0,1.0,0.0,0.0,1.0,1.0,3.0,2.0,2.0,1.0,32.41,JPN,JP,392.0,JPY,1,Japan,,,36.0,138.0,,Japan,JP
JPN,,1622149.0,72778.0,63263.0,1397.0,7555.0,,202.0,126529100,1.0,1.0,1.0,0.0,0.0,1.0,1.0,3.0,2.0,2.0,1.0,32.41,JPN,JP,392.0,JPY,1,Japan,,,36.0,138.0,,Japan,JP
JPN,,1637723.0,73286.0,64083.0,1411.0,7215.0,,202.0,126529100,1.0,1.0,1.0,0.0,0.0,1.0,1.0,3.0,2.0,2.0,1.0,32.41,JPN,JP,392.0,JPY,1,Japan,,,36.0,138.0,,Japan,JP
JPN,,1662091.0,73997.0,64820.0,1418.0,6959.0,,198.0,126529100,1.0,0.0,1.0,0.0,0.0,1.0,1.0,3.0,2.0,2.0,1.0,35.19,JPN,JP,392.0,JPY,1,Japan,,,36.0,138.0,,Japan,JP
JPN,,1685711.0,74639.0,65576.0,1427.0,6884.0,,191.0,126529100,1.0,0.0,1.0,0.0,0.0,1.0,1.0,3.0,2.0,2.0,1.0,35.19,JPN,JP,392.0,JPY,1,Japan,,,36.0,138.0,,Japan,JP
JPN,,1703734.0,75285.0,66269.0,1440.0,6814.0,,190.0,126529100,1.0,0.0,1.0,0.0,0.0,1.0,1.0,3.0,2.0,2.0,1.0,35.19,JPN,JP,392.0,JPY,1,Japan,,,36.0,138.0,,Japan,JP
JPN,,1715960.0,75724.0,66839.0,1446.0,6892.0,,180.0,126529100,1.0,0.0,1.0,0.0,0.0,1.0,1.0,3.0,2.0,2.0,1.0,35.19,JPN,JP,392.0,JPY,1,Japan,,,36.0,138.0,,Japan,JP
JPN,,1718055.0,75990.0,67206.0,1453.0,6962.0,,185.0,126529100,1.0,0.0,1.0,0.0,0.0,1.0,1.0,3.0,2.0,2.0,1.0,35.19,JPN,JP,392.0,JPY,1,Japan,,,36.0,138.0,,Japan,JP
JPN,,1745311.0,76521.0,67795.0,1466.0,6673.0,,174.0,126529100,1.0,0.0,1.0,0.0,0.0,1.0,1.0,3.0,2.0,2.0,1.0,35.19,JPN,JP,392.0,JPY,1,Japan,,,36.0,138.0,,Japan,JP
JPN,,1766478.0,77072.0,68503.0,1479.0,6433.0,,178.0,126529100,1.0,0.0,1.0,0.0,0.0,1.0,1.0,3.0,2.0,2.0,1.0,35.19,JPN,JP,392.0,JPY,1,Japan,,,36.0,138.0,,Japan,JP
JPN,,1786342.0,77561.0,69223.0,1488.0,6267.0,,167.0,126529100,1.0,0.0,1.0,0.0,0.0,1.0,1.0,3.0,2.0,2.0,1.0,35.19,JPN,JP,392.0,JPY,1,Japan,,,36.0,138.0,,Japan,JP
JPN,,1811516.0,78133.0,69865.0,1498.0,6115.0,,170.0,126529100,1.0,0.0,1.0,0.0,0.0,1.0,1.0,3.0,2.0,2.0,1.0,35.19,JPN,JP,392.0,JPY,1,Japan,,,36.0,138.0,,Japan,JP
JPN,,1831246.0,78728.0,70436.0,1502.0,6122.0,,161.0,126529100,1.0,0.0,1.0,0.0,0.0,1.0,1.0,3.0,2.0,2.0,1.0,35.19,JPN,JP,392.0,JPY,1,Japan,,,36.0,138.0,,Japan,JP
JPN,,1842506.0,79208.0,71005.0,1506.0,6121.0,,159.0,126529100,1.0,0.0,1.0,0.0,0.0,1.0,1.0,3.0,2.0,2.0,1.0,35.19,JPN,JP,392.0,JPY,1,Japan,,,36.0,138.0,,Japan,JP
JPN,,1850661.0,79519.0,71378.0,1513.0,6230.0,,163.0,126529100,1.0,0.0,1.0,0.0,0.0,1.0,1.0,3.0,2.0,2.0,1.0,35.19,JPN,JP,392.0,JPY,1,Japan,,,36.0,138.0,,Japan,JP
JPN,,1855240.0,79849.0,71614.0,1518.0,6273.0,,164.0,126529100,1.0,0.0,1.0,0.0,0.0,1.0,1.0,3.0,2.0,2.0,1.0,35.19,JPN,JP,392.0,JPY,1,Japan,,,36.0,138.0,,Japan,JP
JPN,,1859693.0,80068.0,71953.0,1524.0,6238.0,,165.0,126529100,1.0,0.0,1.0,0.0,0.0,1.0,1.0,3.0,2.0,2.0,1.0,35.19,JPN,JP,392.0,JPY,1,Japan,,,36.0,138.0,,Japan,JP
JPN,,1888156.0,80550.0,72522.0,1536.0,5989.0,,166.0,126529100,1.0,0.0,1.0,0.0,0.0,1.0,1.0,1.0,2.0,2.0,1.0,29.63,JPN,JP,392.0,JPY,1,Japan,,,36.0,138.0,,Japan,JP
JPN,,1908707.0,81123.0,73464.0,1543.0,5465.0,,163.0,126529100,1.0,0.0,1.0,0.0,0.0,1.0,1.0,1.0,2.0,2.0,1.0,29.63,JPN,JP,392.0,JPY,1,Japan,,,36.0,138.0,,Japan,JP
JPN,,1938827.0,81762.0,74132.0,1546.0,5349.0,,156.0,126529100,1.0,0.0,1.0,0.0,0.0,1.0,1.0,1.0,2.0,2.0,1.0,29.63,JPN,JP,392.0,JPY,1,Japan,,,36.0,138.0,,Japan,JP
JPN,,1951249.0,82247.0,74588.0,1549.0,5520.0,,160.0,126529100,1.0,0.0,1.0,0.0,0.0,1.0,1.0,1.0,2.0,2.0,1.0,29.63,JPN,JP,392.0,JPY,1,Japan,,,36.0,138.0,,Japan,JP
JPN,,1957973.0,82548.0,74970.0,1560.0,5579.0,,159.0,126529100,1.0,0.0,1.0,0.0,0.0,1.0,1.0,1.0,2.0,2.0,1.0,29.63,JPN,JP,392.0,JPY,1,Japan,,,36.0,138.0,,Japan,JP
JPN,,1979929.0,83075.0,75438.0,1567.0,5459.0,,161.0,126529100,1.0,0.0,1.0,0.0,0.0,1.0,1.0,1.0,2.0,2.0,1.0,29.63,JPN,JP,392.0,JPY,1,Japan,,,36.0,138.0,,Japan,JP
JPN,,2084894.0,83651.0,75998.0,1574.0,5409.0,,151.0,126529100,1.0,0.0,1.0,0.0,0.0,1.0,1.0,1.0,2.0,2.0,1.0,29.63,JPN,JP,392.0,JPY,1,Japan,,,36.0,138.0,,Japan,JP
JPN,,2105963.0,84284.0,76567.0,1582.0,5381.0,,151.0,126529100,1.0,0.0,1.0,0.0,0.0,1.0,1.0,1.0,2.0,2.0,1.0,29.63,JPN,JP,392.0,JPY,1,Japan,,,36.0,138.0,,Japan,JP
JPN,,2125762.0,84826.0,77196.0,1592.0,5406.0,,145.0,126529100,1.0,0.0,1.0,0.0,0.0,1.0,1.0,1.0,2.0,2.0,1.0,29.63,JPN,JP,392.0,JPY,1,Japan,,,36.0,138.0,,Japan,JP
JPN,,2150084.0,85400.0,77785.0,1598.0,5365.0,,137.0,126529100,1.0,0.0,1.0,0.0,0.0,1.0,1.0,1.0,2.0,2.0,1.0,29.63,JPN,JP,392.0,JPY,1,Japan,,,36.0,138.0,,Japan,JP
JPN,,2166131.0,85800.0,78293.0,1599.0,5411.0,,133.0,126529100,1.0,0.0,1.0,0.0,0.0,1.0,1.0,1.0,2.0,2.0,1.0,29.63,JPN,JP,392.0,JPY,1,Japan,,,36.0,138.0,,Japan,JP
JPN,,2173035.0,86079.0,78592.0,1603.0,5495.0,,131.0,126529100,1.0,0.0,1.0,0.0,0.0,1.0,1.0,1.0,2.0,2.0,1.0,29.63,JPN,JP,392.0,JPY,1,Japan,,,36.0,138.0,,Japan,JP
JPN,,2196831.0,86579.0,79044.0,1610.0,5351.0,,140.0,126529100,1.0,0.0,1.0,0.0,0.0,1.0,1.0,1.0,2.0,2.0,1.0,29.63,JPN,JP,392.0,JPY,1,Japan,,,36.0,138.0,,Japan,JP
JPN,,2218653.0,87084.0,79662.0,1615.0,5225.0,,141.0,126529100,1.0,0.0,1.0,0.0,0.0,1.0,1.0,1.0,2.0,2.0,1.0,29.63,JPN,JP,392.0,JPY,1,Japan,,,36.0,138.0,,Japan,JP
JPN,,2241629.0,87710.0,80212.0,1618.0,5157.0,,143.0,126529100,1.0,0.0,1.0,0.0,0.0,1.0,1.0,1.0,2.0,2.0,1.0,29.63,JPN,JP,392.0,JPY,1,Japan,,,36.0,138.0,,Japan,JP
JPN,,2264683.0,88311.0,80716.0,1624.0,5266.0,,141.0,126529100,1.0,0.0,1.0,0.0,0.0,1.0,1.0,1.0,2.0,2.0,1.0,29.63,JPN,JP,392.0,JPY,1,Japan,,,36.0,138.0,,Japan,JP
JPN,,2286070.0,88989.0,81326.0,1627.0,5230.0,,147.0,126529100,1.0,0.0,1.0,0.0,0.0,1.0,1.0,1.0,2.0,2.0,1.0,29.63,JPN,JP,392.0,JPY,1,Japan,,,36.0,138.0,,Japan,JP
JPN,,2299045.0,89425.0,81805.0,1629.0,5414.0,,145.0,126529100,1.0,0.0,1.0,0.0,0.0,1.0,1.0,1.0,2.0,2.0,1.0,29.63,JPN,JP,392.0,JPY,1,Japan,,,36.0,138.0,,Japan,JP
JPN,,2306033.0,89703.0,82093.0,1633.0,5570.0,,146.0,126529100,1.0,0.0,1.0,0.0,0.0,1.0,1.0,1.0,2.0,2.0,1.0,29.63,JPN,JP,392.0,JPY,1,Japan,,,36.0,138.0,,Japan,JP
JPN,,2331011.0,90200.0,82596.0,1637.0,5377.0,,148.0,126529100,1.0,0.0,1.0,0.0,0.0,1.0,1.0,3.0,2.0,2.0,1.0,35.19,JPN,JP,392.0,JPY,1,Japan,,,36.0,138.0,,Japan,JP
JPN,,2352231.0,90751.0,83132.0,1646.0,5296.0,,150.0,126529100,1.0,0.0,1.0,0.0,0.0,1.0,1.0,3.0,2.0,2.0,1.0,35.19,JPN,JP,392.0,JPY,1,Japan,,,36.0,138.0,,Japan,JP
JPN,,2375927.0,91459.0,83816.0,1649.0,5188.0,,146.0,126529100,1.0,0.0,1.0,0.0,0.0,1.0,1.0,3.0,2.0,2.0,1.0,35.19,JPN,JP,392.0,JPY,1,Japan,,,36.0,138.0,,Japan,JP
JPN,,2398408.0,92098.0,84429.0,1664.0,5310.0,,148.0,126529100,1.0,0.0,1.0,0.0,0.0,1.0,1.0,3.0,2.0,2.0,1.0,35.19,JPN,JP,392.0,JPY,1,Japan,,,36.0,138.0,,Japan,JP
JPN,,2421043.0,92721.0,85012.0,1670.0,5346.0,,148.0,126529100,1.0,0.0,1.0,0.0,0.0,1.0,1.0,3.0,2.0,2.0,1.0,35.19,JPN,JP,392.0,JPY,1,Japan,,,36.0,138.0,,Japan,JP
JPN,,2433665.0,93152.0,85466.0,1674.0,5471.0,,145.0,126529100,1.0,0.0,1.0,0.0,0.0,1.0,1.0,3.0,2.0,2.0,1.0,35.19,JPN,JP,392.0,JPY,1,Japan,,,36.0,138.0,,Japan,JP
JPN,,2441150.0,93468.0,85901.0,1676.0,5498.0,,144.0,126529100,1.0,0.0,1.0,0.0,0.0,1.0,1.0,3.0,2.0,2.0,1.0,35.19,JPN,JP,392.0,JPY,1,Japan,,,36.0,138.0,,Japan,JP
JPN,,2465513.0,93949.0,86473.0,1679.0,5285.0,,143.0,126529100,1.0,0.0,1.0,0.0,0.0,1.0,1.0,3.0,2.0,2.0,1.0,35.19,JPN,JP,392.0,JPY,1,Japan,,,36.0,138.0,,Japan,JP
JPN,,2482485.0,94563.0,87066.0,1686.0,5137.0,,150.0,126529100,1.0,0.0,1.0,0.0,0.0,1.0,1.0,3.0,2.0,2.0,1.0,35.19,JPN,JP,392.0,JPY,1,Japan,,,36.0,138.0,,Japan,JP
JPN,,2506396.0,95179.0,87642.0,1697.0,5137.0,,150.0,126529100,1.0,0.0,1.0,0.0,0.0,1.0,1.0,3.0,2.0,2.0,1.0,35.19,JPN,JP,392.0,JPY,1,Japan,,,36.0,138.0,,Japan,JP
JPN,,2531971.0,95924.0,88220.0,1709.0,5172.0,,151.0,126529100,1.0,0.0,1.0,0.0,0.0,1.0,1.0,3.0,2.0,2.0,1.0,35.19,JPN,JP,392.0,JPY,1,Japan,,,36.0,138.0,,Japan,JP
JPN,,2557214.0,96650.0,88762.0,1713.0,5322.0,,155.0,126529100,1.0,0.0,1.0,0.0,0.0,1.0,1.0,3.0,2.0,2.0,1.0,35.19,JPN,JP,392.0,JPY,1,Japan,,,36.0,138.0,,Japan,JP
JPN,,2570425.0,97143.0,89234.0,1719.0,5542.0,,159.0,126529100,1.0,0.0,1.0,0.0,0.0,1.0,1.0,3.0,2.0,2.0,1.0,35.19,JPN,JP,392.0,JPY,1,Japan,,,36.0,138.0,,Japan,JP
JPN,,2581456.0,97553.0,89681.0,1727.0,5601.0,,162.0,126529100,1.0,0.0,1.0,0.0,0.0,1.0,1.0,3.0,2.0,2.0,1.0,35.19,JPN,JP,392.0,JPY,1,Japan,,,36.0,138.0,,Japan,JP
JPN,,2606199.0,98198.0,90124.0,1732.0,5600.0,,165.0,126529100,1.0,0.0,1.0,0.0,0.0,1.0,1.0,3.0,2.0,2.0,1.0,35.19,JPN,JP,392.0,JPY,1,Japan,,,36.0,138.0,,Japan,JP
JPN,,2633603.0,98928.0,90784.0,1737.0,5542.0,,166.0,126529100,1.0,0.0,1.0,0.0,0.0,1.0,1.0,3.0,2.0,2.0,1.0,35.19,JPN,JP,392.0,JPY,1,Japan,,,36.0,138.0,,Japan,JP
JPN,,2658586.0,99736.0,91299.0,1747.0,5735.0,,161.0,126529100,1.0,0.0,1.0,0.0,0.0,1.0,1.0,3.0,2.0,2.0,1.0,35.19,JPN,JP,392.0,JPY,1,Japan,,,36.0,138.0,,Japan,JP
JPN,,2681667.0,100511.0,91871.0,1755.0,5937.0,,156.0,126529100,1.0,0.0,1.0,0.0,0.0,1.0,1.0,3.0,2.0,2.0,1.0,35.19,JPN,JP,392.0,JPY,1,Japan,,,36.0,138.0,,Japan,JP
JPN,,2706168.0,101387.0,92455.0,1769.0,6106.0,,161.0,126529100,1.0,0.0,1.0,0.0,0.0,1.0,1.0,3.0,2.0,2.0,1.0,35.19,JPN,JP,392.0,JPY,1,Japan,,,36.0,138.0,,Japan,JP
JPN,,2721305.0,102000.0,92939.0,1775.0,6349.0,,160.0,126529100,1.0,0.0,1.0,0.0,0.0,1.0,1.0,3.0,2.0,2.0,1.0,35.19,JPN,JP,392.0,JPY,1,Japan,,,36.0,138.0,,Japan,JP
JPN,,2730524.0,102487.0,93360.0,1787.0,6585.0,,163.0,126529100,1.0,0.0,1.0,0.0,0.0,1.0,1.0,3.0,2.0,2.0,1.0,35.19,JPN,JP,392.0,JPY,1,Japan,,,36.0,138.0,,Japan,JP
JPN,,2755446.0,103352.0,93816.0,1794.0,6576.0,,163.0,126529100,1.0,0.0,1.0,0.0,0.0,1.0,1.0,3.0,2.0,2.0,1.0,35.19,JPN,JP,392.0,JPY,1,Japan,,,36.0,138.0,,Japan,JP
JPN,,2764092.0,103976.0,94267.0,1798.0,6737.0,,165.0,126529100,1.0,0.0,1.0,0.0,0.0,1.0,1.0,3.0,2.0,2.0,1.0,35.19,JPN,JP,392.0,JPY,1,Japan,,,36.0,138.0,,Japan,JP
JPN,,2787543.0,105026.0,95091.0,1807.0,6815.0,,183.0,126529100,1.0,0.0,1.0,0.0,0.0,1.0,1.0,3.0,2.0,2.0,1.0,35.19,JPN,JP,392.0,JPY,1,Japan,,,36.0,138.0,,Japan,JP
JPN,,2818683.0,106167.0,95742.0,1811.0,7179.0,,189.0,126529100,1.0,0.0,1.0,0.0,0.0,1.0,1.0,3.0,2.0,2.0,1.0,35.19,JPN,JP,392.0,JPY,1,Japan,,,36.0,138.0,,Japan,JP
JPN,,2846368.0,107500.0,96445.0,1816.0,7601.0,,194.0,126529100,1.0,1.0,1.0,0.0,0.0,1.0,1.0,3.0,2.0,2.0,1.0,37.04,JPN,JP,392.0,JPY,1,Japan,,,36.0,138.0,,Japan,JP
JPN,,2861548.0,108450.0,97181.0,1823.0,8022.0,,196.0,126529100,1.0,1.0,1.0,0.0,0.0,1.0,1.0,3.0,2.0,2.0,1.0,37.04,JPN,JP,392.0,JPY,1,Japan,,,36.0,138.0,,Japan,JP
JPN,,2871126.0,109230.0,97630.0,1835.0,8480.0,,204.0,126529100,1.0,1.0,1.0,0.0,0.0,1.0,1.0,3.0,2.0,2.0,1.0,37.04,JPN,JP,392.0,JPY,1,Japan,,,36.0,138.0,,Japan,JP
JPN,,2898421.0,110513.0,98250.0,1850.0,8828.0,,208.0,126529100,1.0,1.0,1.0,0.0,0.0,1.0,1.0,3.0,2.0,2.0,1.0,37.04,JPN,JP,392.0,JPY,1,Japan,,,36.0,138.0,,Japan,JP
JPN,,2924555.0,112057.0,99083.0,1862.0,9162.0,,204.0,126529100,1.0,1.0,1.0,0.0,0.0,1.0,1.0,3.0,2.0,2.0,1.0,37.04,JPN,JP,392.0,JPY,1,Japan,,,36.0,138.0,,Japan,JP
JPN,,2959574.0,113718.0,99982.0,1872.0,9791.0,,226.0,126529100,1.0,1.0,1.0,0.0,0.0,1.0,1.0,3.0,2.0,2.0,1.0,37.04,JPN,JP,392.0,JPY,1,Japan,,,36.0,138.0,,Japan,JP
JPN,,2991064.0,115419.0,100995.0,1884.0,10376.0,,231.0,126529100,1.0,1.0,1.0,0.0,0.0,1.0,1.0,3.0,2.0,2.0,1.0,37.04,JPN,JP,392.0,JPY,1,Japan,,,36.0,138.0,,Japan,JP
JPN,,3016345.0,117154.0,101965.0,1887.0,11056.0,,234.0,126529100,1.0,1.0,1.0,0.0,0.0,1.0,1.0,3.0,2.0,2.0,1.0,37.04,JPN,JP,392.0,JPY,1,Japan,,,36.0,138.0,,Japan,JP
JPN,,3035324.0,118593.0,102807.0,1894.0,11903.0,,243.0,126529100,1.0,1.0,1.0,0.0,0.0,1.0,1.0,3.0,2.0,2.0,1.0,37.04,JPN,JP,392.0,JPY,1,Japan,,,36.0,138.0,,Japan,JP
JPN,,3045924.0,119542.0,103645.0,1905.0,12499.0,,251.0,126529100,1.0,1.0,1.0,0.0,0.0,1.0,1.0,3.0,2.0,2.0,1.0,37.04,JPN,JP,392.0,JPY,1,Japan,,,36.0,138.0,,Japan,JP
JPN,,3077699.0,121243.0,104609.0,1919.0,12698.0,,272.0,126529100,1.0,1.0,1.0,0.0,0.0,1.0,1.0,3.0,2.0,2.0,1.0,37.04,JPN,JP,392.0,JPY,1,Japan,,,36.0,138.0,,Japan,JP
JPN,,3106559.0,123436.0,105668.0,1933.0,13118.0,,276.0,126529100,1.0,1.0,1.0,0.0,0.0,1.0,1.0,3.0,2.0,2.0,1.0,37.04,JPN,JP,392.0,JPY,1,Japan,,,36.0,138.0,,Japan,JP
JPN,,3141189.0,125820.0,106906.0,1954.0,13973.0,,280.0,126529100,1.0,1.0,1.0,0.0,0.0,1.0,1.0,3.0,2.0,2.0,1.0,37.04,JPN,JP,392.0,JPY,1,Japan,,,36.0,138.0,,Japan,JP
JPN,,3182204.0,128240.0,108406.0,1968.0,14832.0,,291.0,126529100,1.0,1.0,1.0,0.0,0.0,1.0,1.0,3.0,2.0,2.0,1.0,37.04,JPN,JP,392.0,JPY,1,Japan,,,36.0,138.0,,Japan,JP
JPN,,3225667.0,130831.0,109869.0,1980.0,15751.0,,313.0,126529100,1.0,1.0,1.0,0.0,0.0,1.0,1.0,3.0,2.0,2.0,1.0,37.04,JPN,JP,392.0,JPY,1,Japan,,,36.0,138.0,,Japan,JP
JPN,,3252523.0,132990.0,111138.0,1987.0,16957.0,,323.0,126529100,1.0,1.0,1.0,0.0,0.0,1.0,1.0,3.0,2.0,2.0,1.0,37.04,JPN,JP,392.0,JPY,1,Japan,,,36.0,138.0,,Japan,JP
JPN,,3274654.0,134507.0,112241.0,1995.0,18019.0,,331.0,126529100,1.0,1.0,1.0,0.0,0.0,1.0,1.0,3.0,2.0,2.0,1.0,37.04,JPN,JP,392.0,JPY,1,Japan,,,36.0,138.0,,Japan,JP
JPN,,3286323.0,135736.0,113306.0,2014.0,18513.0,,345.0,126529100,1.0,1.0,1.0,0.0,0.0,1.0,1.0,3.0,2.0,2.0,1.0,37.04,JPN,JP,392.0,JPY,1,Japan,,,36.0,138.0,,Japan,JP
JPN,,3331392.0,137677.0,114706.0,2035.0,18517.0,,376.0,126529100,1.0,1.0,1.0,0.0,0.0,1.0,1.0,3.0,2.0,2.0,1.0,37.04,JPN,JP,392.0,JPY,1,Japan,,,36.0,138.0,,Japan,JP
JPN,,3374063.0,140177.0,116352.0,2064.0,18692.0,,410.0,126529100,1.0,1.0,1.0,0.0,0.0,1.0,1.0,3.0,2.0,2.0,1.0,37.04,JPN,JP,392.0,JPY,1,Japan,,,36.0,138.0,,Japan,JP
JPN,,3418520.0,142708.0,118098.0,2095.0,19227.0,,435.0,126529100,1.0,1.0,1.0,0.0,0.0,1.0,1.0,3.0,2.0,2.0,1.0,37.04,JPN,JP,392.0,JPY,1,Japan,,,36.0,138.0,,Japan,JP
JPN,,3463672.0,145383.0,120232.0,2109.0,19646.0,,440.0,126529100,1.0,1.0,1.0,0.0,0.0,1.0,1.0,3.0,2.0,2.0,1.0,37.04,JPN,JP,392.0,JPY,1,Japan,,,36.0,138.0,,Japan,JP
JPN,,3485979.0,147445.0,121281.0,2125.0,21130.0,,462.0,126529100,1.0,1.0,1.0,0.0,0.0,1.0,1.0,3.0,2.0,2.0,1.0,37.04,JPN,JP,392.0,JPY,1,Japan,,,36.0,138.0,,Japan,JP
JPN,,3497954.0,148881.0,123402.0,2151.0,21052.0,,472.0,126529100,1.0,1.0,1.0,0.0,0.0,1.0,1.0,3.0,2.0,2.0,1.0,37.04,JPN,JP,392.0,JPY,1,Japan,,,36.0,138.0,,Japan,JP
JPN,,3545916.0,150914.0,125342.0,2192.0,21056.0,,493.0,126529100,1.0,1.0,1.0,0.0,1.0,1.0,1.0,3.0,2.0,2.0,1.0,42.59,JPN,JP,392.0,JPY,1,Japan,,,36.0,138.0,,Japan,JP
JPN,,3591597.0,153346.0,127276.0,2224.0,20742.0,,488.0,126529100,1.0,1.0,1.0,0.0,1.0,1.0,1.0,3.0,2.0,2.0,1.0,42.59,JPN,JP,392.0,JPY,1,Japan,,,36.0,138.0,,Japan,JP
JPN,,3636512.0,155862.0,129217.0,2260.0,21180.0,,497.0,126529100,1.0,1.0,1.0,0.0,1.0,1.0,1.0,3.0,2.0,2.0,1.0,42.59,JPN,JP,392.0,JPY,1,Japan,,,36.0,138.0,,Japan,JP
JPN,,3675244.0,158312.0,131150.0,2305.0,21704.0,,505.0,126529100,1.0,1.0,1.0,0.0,1.0,1.0,1.0,3.0,2.0,2.0,1.0,42.59,JPN,JP,392.0,JPY,1,Japan,,,36.0,138.0,,Japan,JP
JPN,,3715130.0,160820.0,133416.0,2327.0,21871.0,,520.0,126529100,1.0,1.0,1.0,0.0,1.0,1.0,1.0,3.0,2.0,2.0,1.0,42.59,JPN,JP,392.0,JPY,1,Japan,,,36.0,138.0,,Japan,JP
JPN,,3740146.0,162858.0,135253.0,2358.0,22389.0,,519.0,126529100,1.0,1.0,1.0,0.0,1.0,1.0,1.0,3.0,2.0,2.0,1.0,42.59,JPN,JP,392.0,JPY,1,Japan,,,36.0,138.0,,Japan,JP
JPN,,3760305.0,164388.0,136875.0,2397.0,22680.0,,530.0,126529100,1.0,1.0,1.0,0.0,1.0,1.0,1.0,3.0,2.0,2.0,1.0,42.59,JPN,JP,392.0,JPY,1,Japan,,,36.0,138.0,,Japan,JP
JPN,,3800689.0,166563.0,138967.0,2444.0,22339.0,,536.0,126529100,1.0,1.0,2.0,0.0,1.0,1.0,1.0,3.0,2.0,2.0,1.0,48.15,JPN,JP,392.0,JPY,1,Japan,,,36.0,138.0,,Japan,JP
JPN,,3842524.0,169372.0,140589.0,2486.0,22550.0,,555.0,126529100,1.0,1.0,2.0,0.0,1.0,1.0,1.0,3.0,2.0,2.0,1.0,48.15,JPN,JP,392.0,JPY,1,Japan,,,36.0,138.0,,Japan,JP
JPN,,3898969.0,172338.0,142970.0,2512.0,22815.0,,543.0,126529100,1.0,1.0,2.0,0.0,1.0,1.0,1.0,3.0,2.0,2.0,1.0,48.15,JPN,JP,392.0,JPY,1,Japan,,,36.0,138.0,,Japan,JP
JPN,,3945830.0,175136.0,144974.0,2553.0,23774.0,,554.0,126529100,1.0,1.0,2.0,0.0,1.0,1.0,1.0,3.0,2.0,2.0,1.0,48.15,JPN,JP,392.0,JPY,1,Japan,,,36.0,138.0,,Japan,JP
JPN,,4001554.0,178172.0,147482.0,2581.0,23990.0,,578.0,126529100,1.0,1.0,2.0,0.0,1.0,1.0,1.0,3.0,2.0,2.0,1.0,48.15,JPN,JP,392.0,JPY,1,Japan,,,36.0,138.0,,Japan,JP
JPN,,4032816.0,180556.0,149239.0,2601.0,25113.0,,583.0,126529100,1.0,1.0,2.0,0.0,1.0,1.0,1.0,3.0,2.0,2.0,1.0,48.15,JPN,JP,392.0,JPY,1,Japan,,,36.0,138.0,,Japan,JP
JPN,,4048710.0,182236.0,150893.0,2648.0,25672.0,,588.0,126529100,1.0,1.0,2.0,0.0,1.0,1.0,1.0,3.0,2.0,2.0,1.0,48.15,JPN,JP,392.0,JPY,1,Japan,,,36.0,138.0,,Japan,JP
JPN,,4105648.0,184661.0,153435.0,2701.0,25230.0,,592.0,126529100,1.0,1.0,2.0,0.0,1.0,1.0,1.0,3.0,2.0,2.0,1.0,48.15,JPN,JP,392.0,JPY,1,Japan,,,36.0,138.0,,Japan,JP
JPN,,4153589.0,187655.0,155436.0,2754.0,25281.0,,618.0,126529100,1.0,1.0,2.0,0.0,1.0,1.0,1.0,3.0,2.0,2.0,1.0,48.15,JPN,JP,392.0,JPY,1,Japan,,,36.0,138.0,,Japan,JP
JPN,,4209796.0,190862.0,158066.0,2792.0,25411.0,,605.0,126529100,1.0,1.0,2.0,0.0,1.0,1.0,1.0,3.0,2.0,2.0,1.0,48.15,JPN,JP,392.0,JPY,1,Japan,,,36.0,138.0,,Japan,JP
JPN,,4274633.0,193698.0,160661.0,2840.0,25741.0,,609.0,126529100,1.0,1.0,2.0,0.0,1.0,1.0,1.0,3.0,2.0,2.0,1.0,48.15,JPN,JP,392.0,JPY,1,Japan,,,36.0,138.0,,Japan,JP
JPN,,4333017.0,196687.0,163205.0,2880.0,26169.0,,598.0,126529100,1.0,1.0,2.0,0.0,1.0,1.0,1.0,3.0,2.0,2.0,1.0,48.15,JPN,JP,392.0,JPY,1,Japan,,,36.0,138.0,,Japan,JP
JPN,,4362886.0,199178.0,165220.0,2916.0,26852.0,,593.0,126529100,1.0,1.0,2.0,0.0,1.0,1.0,1.0,3.0,2.0,2.0,1.0,48.15,JPN,JP,392.0,JPY,1,Japan,,,36.0,138.0,,Japan,JP
JPN,,4379067.0,200988.0,167453.0,2964.0,26941.0,,603.0,126529100,1.0,1.0,2.0,0.0,1.0,1.0,1.0,3.0,2.0,2.0,1.0,48.15,JPN,JP,392.0,JPY,1,Japan,,,36.0,138.0,,Japan,JP
JPN,,4439273.0,203683.0,169248.0,3012.0,27291.0,,620.0,126529100,1.0,1.0,1.0,0.0,1.0,1.0,1.0,4.0,2.0,2.0,1.0,48.15,JPN,JP,392.0,JPY,1,Japan,,,36.0,138.0,,Japan,JP
JPN,,4473256.0,206958.0,171955.0,3068.0,27017.0,,619.0,126529100,1.0,1.0,1.0,0.0,1.0,1.0,1.0,4.0,2.0,2.0,1.0,48.15,JPN,JP,392.0,JPY,1,Japan,,,36.0,138.0,,Japan,JP
JPN,,4547779.0,210702.0,174721.0,3122.0,27224.0,,644.0,126529100,1.0,1.0,1.0,0.0,1.0,1.0,1.0,4.0,2.0,2.0,1.0,48.15,JPN,JP,392.0,JPY,1,Japan,,,36.0,138.0,,Japan,JP
JPN,,4613939.0,214535.0,177672.0,3186.0,28295.0,,644.0,126529100,1.0,1.0,1.0,0.0,1.0,1.0,1.0,4.0,2.0,2.0,1.0,48.15,JPN,JP,392.0,JPY,1,Japan,,,36.0,138.0,,Japan,JP
JPN,,4676504.0,218419.0,180046.0,3233.0,29413.0,,654.0,126529100,1.0,1.0,1.0,0.0,1.0,1.0,1.0,4.0,2.0,2.0,1.0,48.15,JPN,JP,392.0,JPY,1,Japan,,,36.0,138.0,,Japan,JP
JPN,,4711851.0,221363.0,182500.0,3273.0,30505.0,,659.0,126529100,1.0,1.0,1.0,0.0,1.0,1.0,1.0,4.0,2.0,2.0,1.0,48.15,JPN,JP,392.0,JPY,1,Japan,,,36.0,138.0,,Japan,JP
JPN,,4725966.0,223771.0,184556.0,3324.0,31244.0,,661.0,126529100,1.0,1.0,1.0,0.0,1.0,1.0,1.0,4.0,2.0,2.0,1.0,48.15,JPN,JP,392.0,JPY,1,Japan,,,36.0,138.0,,Japan,JP
JPN,,4802239.0,227386.0,186804.0,3383.0,31844.0,,675.0,126529100,1.0,1.0,1.0,0.0,1.0,1.0,1.0,4.0,2.0,2.0,1.0,48.15,JPN,JP,392.0,JPY,1,Japan,,,36.0,138.0,,Japan,JP
JPN,,4829069.0,231255.0,189335.0,3442.0,32629.0,,668.0,126529100,1.0,1.0,1.0,0.0,1.0,1.0,1.0,4.0,2.0,2.0,1.0,48.15,JPN,JP,392.0,JPY,1,Japan,,,36.0,138.0,,Japan,JP
JPN,,4851937.0,235788.0,191351.0,3491.0,34166.0,,681.0,126529100,1.0,1.0,1.0,0.0,1.0,1.0,1.0,4.0,2.0,2.0,1.0,48.15,JPN,JP,392.0,JPY,1,Japan,,,36.0,138.0,,Japan,JP
JPN,,4893318.0,239043.0,193422.0,3540.0,36186.0,,716.0,126529100,1.0,1.0,1.0,0.0,1.0,1.0,1.0,4.0,2.0,2.0,1.0,48.15,JPN,JP,392.0,JPY,1,Japan,,,36.0,138.0,,Japan,JP
JPN,,4919897.0,242115.0,196117.0,3571.0,37324.0,,711.0,126529100,1.0,1.0,1.0,0.0,1.0,1.0,1.0,4.0,2.0,2.0,1.0,48.15,JPN,JP,392.0,JPY,1,Japan,,,36.0,138.0,,Japan,JP
JPN,,4930035.0,245281.0,198195.0,3631.0,38159.0,,714.0,126529100,1.0,1.0,1.0,0.0,1.0,1.0,1.0,4.0,2.0,2.0,1.0,48.15,JPN,JP,392.0,JPY,1,Japan,,,36.0,138.0,,Japan,JP
JPN,,4953004.0,248622.0,200380.0,3679.0,38871.0,,731.0,126529100,1.0,1.0,1.0,0.0,1.0,1.0,1.0,4.0,2.0,2.0,1.0,48.15,JPN,JP,392.0,JPY,1,Japan,,,36.0,138.0,,Japan,JP
JPN,,5039832.0,253571.0,203312.0,3755.0,40052.0,,771.0,126529100,1.0,1.0,1.0,1.0,1.0,1.0,1.0,4.0,2.0,2.0,1.0,49.54,JPN,JP,392.0,JPY,1,Japan,,,36.0,138.0,,Japan,JP
JPN,,5129612.0,259620.0,206837.0,3820.0,41054.0,,784.0,126529100,1.0,1.0,1.0,1.0,1.0,1.0,1.0,4.0,2.0,2.0,1.0,49.54,JPN,JP,392.0,JPY,1,Japan,,,36.0,138.0,,Japan,JP
JPN,,5205293.0,267262.0,210206.0,3884.0,43573.0,,796.0,126529100,1.0,1.0,1.0,1.0,1.0,1.0,1.0,4.0,2.0,2.0,1.0,49.54,JPN,JP,392.0,JPY,1,Japan,,,36.0,138.0,,Japan,JP
JPN,,5288555.0,275217.0,213584.0,3962.0,46934.0,,826.0,126529100,1.0,1.0,1.0,1.0,1.0,1.0,1.0,4.0,2.0,2.0,1.0,49.54,JPN,JP,392.0,JPY,1,Japan,,,36.0,138.0,,Japan,JP
JPN,,5353628.0,283070.0,217198.0,4021.0,51281.0,,827.0,126529100,1.0,1.0,1.0,1.0,1.0,1.0,1.0,4.0,2.0,2.0,1.0,49.54,JPN,JP,392.0,JPY,1,Japan,,,36.0,138.0,,Japan,JP
JPN,,5390986.0,289177.0,220420.0,4066.0,55390.0,,852.0,126529100,1.0,1.0,1.0,1.0,1.0,1.0,1.0,4.0,2.0,2.0,1.0,49.54,JPN,JP,392.0,JPY,1,Japan,,,36.0,138.0,,Japan,JP
JPN,,5419086.0,294080.0,222842.0,4114.0,58769.0,,864.0,126529100,1.0,1.0,1.0,1.0,1.0,1.0,1.0,4.0,2.0,2.0,1.0,49.54,JPN,JP,392.0,JPY,1,Japan,,,36.0,138.0,,Japan,JP
JPN,,5442315.0,298677.0,225268.0,4178.0,61598.0,,881.0,126529100,1.0,1.0,1.0,1.0,1.0,1.0,1.0,4.0,2.0,2.0,1.0,49.54,JPN,JP,392.0,JPY,1,Japan,,,36.0,138.0,,Japan,JP
JPN,,5531305.0,304591.0,228936.0,4275.0,63073.0,,900.0,126529100,1.0,1.0,1.0,1.0,1.0,1.0,1.0,4.0,2.0,2.0,1.0,49.54,JPN,JP,392.0,JPY,1,Japan,,,36.0,138.0,,Japan,JP
JPN,,5615256.0,311247.0,233419.0,4341.0,63779.0,,920.0,126529100,1.0,1.0,1.0,1.0,1.0,1.0,1.0,4.0,2.0,2.0,1.0,49.54,JPN,JP,392.0,JPY,1,Japan,,,36.0,138.0,,Japan,JP
JPN,,5718894.0,318419.0,238324.0,4419.0,65250.0,,934.0,126529100,1.0,1.0,1.0,1.0,1.0,1.0,1.0,4.0,2.0,2.0,1.0,49.54,JPN,JP,392.0,JPY,1,Japan,,,36.0,138.0,,Japan,JP
JPN,,5792647.0,325459.0,243821.0,4475.0,66761.0,,965.0,126529100,1.0,1.0,1.0,1.0,1.0,1.0,1.0,4.0,2.0,2.0,1.0,49.54,JPN,JP,392.0,JPY,1,Japan,,,36.0,138.0,,Japan,JP
JPN,,5841014.0,331219.0,248344.0,4524.0,68447.0,,972.0,126529100,1.0,1.0,1.0,1.0,1.0,1.0,1.0,4.0,2.0,2.0,1.0,49.54,JPN,JP,392.0,JPY,1,Japan,,,36.0,138.0,,Japan,JP
JPN,,5860490.0,336155.0,252651.0,4582.0,70114.0,,973.0,126529100,1.0,1.0,1.0,1.0,1.0,1.0,1.0,4.0,2.0,2.0,1.0,49.54,JPN,JP,392.0,JPY,1,Japan,,,36.0,138.0,,Japan,JP
JPN,,5945692.0,341490.0,257481.0,4686.0,71270.0,,1001.0,126529100,1.0,1.0,1.0,1.0,1.0,1.0,1.0,4.0,2.0,2.0,1.0,49.54,JPN,JP,392.0,JPY,1,Japan,,,36.0,138.0,,Japan,JP
JPN,,6053480.0,347049.0,264665.0,4778.0,69504.0,,1014.0,126529100,1.0,1.0,1.0,1.0,1.0,1.0,1.0,4.0,2.0,2.0,1.0,49.54,JPN,JP,392.0,JPY,1,Japan,,,36.0,138.0,,Japan,JP
JPN,,6145209.0,352713.0,272932.0,4872.0,66579.0,,1014.0,126529100,1.0,1.0,1.0,1.0,1.0,1.0,1.0,4.0,2.0,2.0,1.0,49.54,JPN,JP,392.0,JPY,1,Japan,,,36.0,138.0,,Japan,JP
JPN,,6236054.0,357768.0,278914.0,4981.0,66239.0,,1011.0,126529100,1.0,1.0,1.0,1.0,1.0,1.0,1.0,4.0,2.0,2.0,1.0,49.54,JPN,JP,392.0,JPY,1,Japan,,,36.0,138.0,,Japan,JP
JPN,,6338596.0,362490.0,285207.0,5063.0,65280.0,,1009.0,126529100,1.0,1.0,1.0,1.0,1.0,1.0,1.0,4.0,2.0,2.0,1.0,49.54,JPN,JP,392.0,JPY,1,Japan,,,36.0,138.0,,Japan,JP
JPN,,6377499.0,366481.0,290301.0,5119.0,64662.0,,1007.0,126529100,1.0,1.0,1.0,1.0,1.0,1.0,1.0,4.0,2.0,2.0,1.0,49.54,JPN,JP,392.0,JPY,1,Japan,,,36.0,138.0,,Japan,JP
JPN,,6397540.0,369242.0,295203.0,5193.0,63793.0,,1017.0,126529100,1.0,1.0,1.0,1.0,1.0,1.0,1.0,4.0,2.0,2.0,1.0,49.54,JPN,JP,392.0,JPY,1,Japan,,,36.0,138.0,,Japan,JP
JPN,,6481519.0,373094.0,301321.0,5297.0,61047.0,,996.0,126529100,1.0,1.0,1.0,1.0,1.0,1.0,1.0,4.0,2.0,2.0,1.0,49.54,JPN,JP,392.0,JPY,1,Japan,,,36.0,138.0,,Japan,JP
JPN,,6548733.0,377068.0,307845.0,5387.0,58102.0,,1043.0,126529100,1.0,1.0,1.0,1.0,1.0,1.0,1.0,4.0,2.0,2.0,1.0,49.54,JPN,JP,392.0,JPY,1,Japan,,,36.0,138.0,,Japan,JP
JPN,,6640966.0,381198.0,314196.0,5500.0,55612.0,,1032.0,126529100,1.0,1.0,1.0,1.0,1.0,1.0,1.0,4.0,2.0,2.0,1.0,49.54,JPN,JP,392.0,JPY,1,Japan,,,36.0,138.0,,Japan,JP
JPN,,6706393.0,384734.0,320013.0,5597.0,53624.0,,1014.0,126529100,1.0,1.0,1.0,1.0,1.0,1.0,1.0,4.0,2.0,2.0,1.0,49.54,JPN,JP,392.0,JPY,1,Japan,,,36.0,138.0,,Japan,JP
JPN,,6789931.0,388073.0,325406.0,5687.0,51844.0,,974.0,126529100,1.0,1.0,1.0,1.0,1.0,1.0,1.0,4.0,2.0,2.0,1.0,49.54,JPN,JP,392.0,JPY,1,Japan,,,36.0,138.0,,Japan,JP
JPN,,6832147.0,390746.0,330288.0,5752.0,50506.0,,973.0,126529100,1.0,1.0,1.0,1.0,1.0,1.0,1.0,4.0,2.0,2.0,1.0,49.54,JPN,JP,392.0,JPY,1,Japan,,,36.0,138.0,,Japan,JP
JPN,,6851430.0,392538.0,333979.0,5832.0,49512.0,,975.0,126529100,1.0,1.0,1.0,1.0,1.0,1.0,1.0,4.0,2.0,2.0,1.0,49.54,JPN,JP,392.0,JPY,1,Japan,,,36.0,138.0,,Japan,JP
JPN,,6921123.0,394862.0,339182.0,5951.0,46404.0,,937.0,126529100,1.0,1.0,1.0,1.0,1.0,1.0,1.0,4.0,2.0,2.0,1.0,49.54,JPN,JP,392.0,JPY,1,Japan,,,36.0,138.0,,Japan,JP
JPN,,6981269.0,397496.0,343871.0,6071.0,43820.0,,897.0,126529100,1.0,1.0,1.0,1.0,1.0,1.0,1.0,4.0,2.0,2.0,1.0,49.54,JPN,JP,392.0,JPY,1,Japan,,,36.0,138.0,,Japan,JP
JPN,,7051485.0,400074.0,349081.0,6175.0,41102.0,,892.0,126529100,1.0,1.0,1.0,1.0,1.0,1.0,1.0,4.0,2.0,2.0,1.0,49.54,JPN,JP,392.0,JPY,1,Japan,,,36.0,138.0,,Japan,JP
JPN,,7114521.0,402444.0,354296.0,6281.0,38401.0,,877.0,126529100,1.0,1.0,1.0,1.0,1.0,1.0,1.0,4.0,2.0,2.0,1.0,49.54,JPN,JP,392.0,JPY,1,Japan,,,36.0,138.0,,Japan,JP
JPN,,7186880.0,404721.0,358659.0,6375.0,36343.0,,815.0,126529100,1.0,1.0,1.0,1.0,1.0,1.0,1.0,4.0,2.0,2.0,1.0,49.54,JPN,JP,392.0,JPY,1,Japan,,,36.0,138.0,,Japan,JP
JPN,,7221664.0,406351.0,362059.0,6427.0,34930.0,,795.0,126529100,1.0,1.0,1.0,1.0,1.0,1.0,1.0,4.0,2.0,2.0,1.0,49.54,JPN,JP,392.0,JPY,1,Japan,,,36.0,138.0,,Japan,JP
JPN,,7241214.0,407567.0,365043.0,6510.0,33451.0,,773.0,126529100,1.0,1.0,1.0,1.0,1.0,1.0,1.0,4.0,2.0,2.0,1.0,49.54,JPN,JP,392.0,JPY,1,Japan,,,36.0,138.0,,Japan,JP
JPN,,7301609.0,409135.0,368590.0,6604.0,31583.0,,759.0,126529100,1.0,1.0,1.0,1.0,1.0,1.0,1.0,4.0,2.0,2.0,1.0,49.54,JPN,JP,392.0,JPY,1,Japan,,,36.0,138.0,,Japan,JP
JPN,,7380588.0,411020.0,372260.0,6725.0,29243.0,,736.0,126529100,1.0,1.0,1.0,1.0,1.0,1.0,1.0,4.0,2.0,2.0,1.0,49.54,JPN,JP,392.0,JPY,1,Japan,,,36.0,138.0,,Japan,JP
JPN,,7447270.0,412710.0,375246.0,6803.0,27932.0,,713.0,126529100,1.0,1.0,1.0,1.0,1.0,1.0,1.0,4.0,2.0,2.0,1.0,49.54,JPN,JP,392.0,JPY,1,Japan,,,36.0,138.0,,Japan,JP
JPN,,7481377.0,414010.0,377815.0,6865.0,27026.0,,701.0,126529100,1.0,1.0,1.0,1.0,1.0,1.0,1.0,4.0,2.0,2.0,1.0,49.54,JPN,JP,392.0,JPY,1,Japan,,,36.0,138.0,,Japan,JP
JPN,,7539403.0,415369.0,380384.0,6931.0,25410.0,,693.0,126529100,1.0,1.0,1.0,1.0,1.0,1.0,1.0,4.0,2.0,2.0,1.0,49.54,JPN,JP,392.0,JPY,1,Japan,,,36.0,138.0,,Japan,JP
JPN,,7571105.0,416730.0,382524.0,6969.0,24528.0,,668.0,126529100,1.0,1.0,1.0,1.0,1.0,1.0,1.0,4.0,2.0,2.0,1.0,49.54,JPN,JP,392.0,JPY,1,Japan,,,36.0,138.0,,Japan,JP
JPN,,7587036.0,417695.0,384877.0,7042.0,23412.0,,658.0,126529100,1.0,1.0,1.0,1.0,1.0,1.0,1.0,4.0,2.0,2.0,1.0,49.54,JPN,JP,392.0,JPY,1,Japan,,,36.0,138.0,,Japan,JP
JPN,,7647131.0,419003.0,387580.0,7143.0,22649.0,,644.0,126529100,1.0,1.0,1.0,1.0,1.0,1.0,1.0,4.0,2.0,2.0,1.0,49.54,JPN,JP,392.0,JPY,1,Japan,,,36.0,138.0,,Japan,JP
JPN,125.0,7707786.0,420451.0,391015.0,7228.0,20364.0,,607.0,126529100,1.0,1.0,1.0,1.0,1.0,1.0,1.0,4.0,2.0,2.0,1.0,49.54,JPN,JP,392.0,JPY,1,Japan,,,36.0,138.0,,Japan,JP
JPN,611.0,7770206.0,421987.0,393339.0,7300.0,19302.0,,564.0,126529100,1.0,1.0,1.0,1.0,1.0,1.0,1.0,4.0,2.0,2.0,1.0,49.54,JPN,JP,392.0,JPY,1,Japan,,,36.0,138.0,,Japan,JP
JPN,5039.0,7825811.0,423286.0,395268.0,7364.0,18899.0,,547.0,126529100,1.0,1.0,1.0,1.0,1.0,1.0,1.0,4.0,2.0,2.0,1.0,49.54,JPN,JP,392.0,JPY,1,Japan,,,36.0,138.0,,Japan,JP
JPN,,7901922.0,424519.0,397134.0,7442.0,18364.0,,526.0,126529100,1.0,1.0,1.0,1.0,1.0,1.0,1.0,4.0,2.0,2.0,1.0,49.54,JPN,JP,392.0,JPY,1,Japan,,,36.0,138.0,,Japan,JP
JPN,,7935363.0,425548.0,398740.0,7492.0,17870.0,,511.0,126529100,1.0,1.0,1.0,1.0,1.0,1.0,1.0,4.0,2.0,2.0,1.0,49.54,JPN,JP,392.0,JPY,1,Japan,,,36.0,138.0,,Japan,JP
JPN,11934.0,7951577.0,426288.0,400093.0,7548.0,17516.0,,510.0,126529100,1.0,1.0,1.0,1.0,1.0,1.0,1.0,4.0,2.0,2.0,1.0,49.54,JPN,JP,392.0,JPY,1,Japan,,,36.0,138.0,,Japan,JP
JPN,,8007839.0,427369.0,401642.0,7602.0,16809.0,,491.0,126529100,1.0,1.0,1.0,1.0,1.0,1.0,1.0,4.0,2.0,2.0,1.0,49.54,JPN,JP,392.0,JPY,1,Japan,,,36.0,138.0,,Japan,JP
JPN,17888.0,8026999.0,428290.0,403246.0,7671.0,16140.0,,487.0,126529100,1.0,1.0,1.0,1.0,1.0,1.0,1.0,4.0,2.0,2.0,1.0,49.54,JPN,JP,392.0,JPY,1,Japan,,,36.0,138.0,,Japan,JP
JPN,21896.0,8083230.0,429364.0,405074.0,7745.0,15341.0,,472.0,126529100,1.0,1.0,1.0,1.0,1.0,1.0,1.0,4.0,2.0,2.0,1.0,49.54,JPN,JP,392.0,JPY,1,Japan,,,36.0,138.0,,Japan,JP
JPN,28530.0,8143924.0,430416.0,406325.0,7825.0,14944.0,,457.0,126529100,1.0,1.0,1.0,1.0,1.0,1.0,1.0,4.0,2.0,2.0,1.0,49.54,JPN,JP,392.0,JPY,1,Japan,,,36.0,138.0,,Japan,JP
JPN,,8203285.0,431628.0,407767.0,7866.0,14497.0,,440.0,126529100,1.0,1.0,1.0,1.0,1.0,1.0,1.0,4.0,2.0,2.0,1.0,50.93,JPN,JP,392.0,JPY,1,Japan,,,36.0,138.0,,Japan,JP
JPN,,8234982.0,432627.0,409055.0,7896.0,14363.0,,434.0,126529100,1.0,1.0,1.0,1.0,1.0,1.0,1.0,4.0,2.0,2.0,1.0,50.93,JPN,JP,392.0,JPY,1,Japan,,,36.0,138.0,,Japan,JP
JPN,31785.0,8256602.0,433324.0,410365.0,7947.0,14054.0,,436.0,126529100,1.0,1.0,1.0,1.0,1.0,1.0,1.0,4.0,2.0,2.0,1.0,48.15,JPN,JP,392.0,JPY,1,Japan,,,36.0,138.0,,Japan,JP
JPN,34772.0,8319692.0,434211.0,411911.0,8012.0,13188.0,,413.0,126529100,1.0,1.0,1.0,1.0,1.0,1.0,1.0,4.0,2.0,2.0,1.0,48.15,JPN,JP,392.0,JPY,1,Japan,,,36.0,138.0,,Japan,JP
JPN,37303.0,8403376.0,435453.0,413114.0,8075.0,12789.0,,407.0,126529100,1.0,1.0,1.0,1.0,1.0,1.0,1.0,4.0,2.0,2.0,1.0,48.15,JPN,JP,392.0,JPY,1,Japan,,,36.0,138.0,,Japan,JP
JPN,39174.0,8435308.0,436621.0,414578.0,8142.0,12434.0,,398.0,126529100,1.0,1.0,1.0,1.0,1.0,1.0,1.0,4.0,2.0,2.0,1.0,48.15,JPN,JP,392.0,JPY,1,Japan,,,36.0,138.0,,Japan,JP
JPN,46469.0,8505875.0,437769.0,415816.0,8197.0,12296.0,,388.0,126529100,1.0,1.0,1.0,1.0,1.0,1.0,1.0,4.0,2.0,2.0,1.0,48.15,JPN,JP,392.0,JPY,1,Japan,,,36.0,138.0,,Japan,JP
JPN,,8552813.0,438818.0,417081.0,8237.0,12173.0,,375.0,126529100,1.0,1.0,1.0,1.0,1.0,1.0,1.0,4.0,2.0,2.0,1.0,45.37,JPN,JP,392.0,JPY,1,Japan,,,36.0,138.0,,Japan,JP
JPN,,8586151.0,439882.0,418050.0,8261.0,12211.0,,373.0,126529100,1.0,1.0,1.0,1.0,1.0,1.0,1.0,4.0,2.0,2.0,1.0,45.37,JPN,JP,392.0,JPY,1,Japan,,,36.0,138.0,,Japan,JP
JPN,70796.0,8602569.0,440482.0,419017.0,8306.0,12213.0,,380.0,126529100,1.0,1.0,1.0,1.0,1.0,1.0,1.0,4.0,2.0,2.0,1.0,45.37,JPN,JP,392.0,JPY,1,Japan,,,36.0,138.0,,Japan,JP
JPN,107558.0,8673101.0,441609.0,420068.0,8364.0,11791.0,,381.0,126529100,1.0,1.0,1.0,1.0,1.0,1.0,1.0,4.0,2.0,2.0,1.0,45.37,JPN,JP,392.0,JPY,1,Japan,,,36.0,138.0,,Japan,JP
JPN,148950.0,8714615.0,442922.0,421235.0,8418.0,11634.0,,364.0,126529100,1.0,1.0,1.0,1.0,1.0,1.0,1.0,4.0,2.0,2.0,1.0,45.37,JPN,JP,392.0,JPY,1,Japan,,,36.0,138.0,,Japan,JP
JPN,181184.0,8776241.0,444239.0,422359.0,8463.0,11703.0,,354.0,126529100,1.0,1.0,1.0,1.0,1.0,1.0,1.0,4.0,2.0,2.0,1.0,45.37,JPN,JP,392.0,JPY,1,Japan,,,36.0,138.0,,Japan,JP
JPN,230542.0,8834799.0,445509.0,423438.0,8521.0,11862.0,,354.0,126529100,1.0,1.0,1.0,1.0,1.0,1.0,1.0,4.0,2.0,2.0,1.0,45.37,JPN,JP,392.0,JPY,1,Japan,,,36.0,138.0,,Japan,JP
JPN,,8892245.0,446826.0,424498.0,8572.0,12110.0,,337.0,126529100,1.0,1.0,1.0,1.0,0.0,1.0,1.0,4.0,2.0,2.0,1.0,42.59,JPN,JP,392.0,JPY,1,Japan,,,36.0,138.0,,Japan,JP
JPN,,8926296.0,447812.0,425478.0,8594.0,12364.0,,328.0,126529100,1.0,1.0,1.0,1.0,0.0,1.0,1.0,4.0,2.0,2.0,1.0,42.59,JPN,JP,392.0,JPY,1,Japan,,,36.0,138.0,,Japan,JP
JPN,290275.0,8946247.0,448507.0,426503.0,8632.0,12336.0,,327.0,126529100,1.0,1.0,1.0,1.0,0.0,1.0,1.0,4.0,2.0,2.0,1.0,42.59,JPN,JP,392.0,JPY,1,Japan,,,36.0,138.0,,Japan,JP
JPN,359191.0,9000093.0,449639.0,427401.0,8689.0,12187.0,,337.0,126529100,1.0,1.0,1.0,1.0,0.0,1.0,1.0,4.0,2.0,2.0,1.0,42.59,JPN,JP,392.0,JPY,1,Japan,,,36.0,138.0,,Japan,JP
JPN,437485.0,9050153.0,451171.0,428530.0,8732.0,12022.0,,335.0,126529100,1.0,1.0,1.0,1.0,0.0,1.0,1.0,4.0,2.0,2.0,1.0,42.59,JPN,JP,392.0,JPY,1,Japan,,,36.0,138.0,,Japan,JP
JPN,508702.0,9137297.0,452667.0,429719.0,8764.0,12285.0,,325.0,126529100,1.0,1.0,1.0,1.0,0.0,1.0,1.0,4.0,2.0,2.0,1.0,42.59,JPN,JP,392.0,JPY,1,Japan,,,36.0,138.0,,Japan,JP
JPN,578835.0,9194387.0,454129.0,430766.0,8797.0,12643.0,,330.0,126529100,1.0,1.0,1.0,1.0,0.0,1.0,1.0,4.0,2.0,2.0,1.0,42.59,JPN,JP,392.0,JPY,1,Japan,,,36.0,138.0,,Japan,JP
JPN,,9267866.0,455643.0,431963.0,8816.0,12924.0,,332.0,126529100,1.0,1.0,1.0,1.0,0.0,1.0,1.0,4.0,2.0,2.0,1.0,42.59,JPN,JP,392.0,JPY,1,Japan,,,36.0,138.0,,Japan,JP
JPN,,9301321.0,456761.0,432980.0,8835.0,13383.0,,324.0,126529100,1.0,1.0,1.0,1.0,0.0,1.0,1.0,4.0,2.0,2.0,1.0,42.59,JPN,JP,392.0,JPY,1,Japan,,,36.0,138.0,,Japan,JP
JPN,652698.0,9320628.0,457576.0,434111.0,8869.0,13355.0,,324.0,126529100,1.0,1.0,1.0,1.0,0.0,1.0,1.0,4.0,2.0,2.0,1.0,42.59,JPN,JP,392.0,JPY,1,Japan,,,36.0,138.0,,Japan,JP
JPN,699126.0,9374845.0,459076.0,435189.0,8922.0,13215.0,,320.0,126529100,1.0,1.0,1.0,1.0,0.0,1.0,1.0,4.0,2.0,2.0,1.0,42.59,JPN,JP,392.0,JPY,1,Japan,,,36.0,138.0,,Japan,JP
JPN,741180.0,9429113.0,460993.0,436252.0,8943.0,13407.0,,328.0,126529100,1.0,1.0,1.0,1.0,0.0,1.0,1.0,4.0,2.0,2.0,1.0,42.59,JPN,JP,392.0,JPY,1,Japan,,,36.0,138.0,,Japan,JP
JPN,775122.0,9490701.0,462907.0,437542.0,8970.0,13916.0,,325.0,126529100,1.0,1.0,1.0,1.0,0.0,1.0,1.0,4.0,2.0,2.0,1.0,42.59,JPN,JP,392.0,JPY,1,Japan,,,36.0,138.0,,Japan,JP
JPN,822869.0,9555049.0,464933.0,438721.0,9003.0,14656.0,,323.0,126529100,1.0,1.0,1.0,1.0,0.0,1.0,1.0,4.0,2.0,2.0,1.0,42.59,JPN,JP,392.0,JPY,1,Japan,,,36.0,138.0,,Japan,JP
JPN,,9624077.0,467001.0,440057.0,9035.0,15322.0,,331.0,126529100,1.0,1.0,1.0,1.0,0.0,1.0,1.0,4.0,2.0,1.0,1.0,42.59,JPN,JP,392.0,JPY,1,Japan,,,36.0,138.0,,Japan,JP
JPN,,9666033.0,468783.0,441086.0,9064.0,16256.0,,341.0,126529100,1.0,1.0,1.0,1.0,0.0,1.0,1.0,4.0,2.0,1.0,1.0,42.59,JPN,JP,392.0,JPY,1,Japan,,,36.0,138.0,,Japan,JP
JPN,890662.0,9684920.0,470127.0,442219.0,9093.0,16832.0,,342.0,126529100,1.0,1.0,1.0,1.0,0.0,1.0,1.0,4.0,2.0,1.0,1.0,42.59,JPN,JP,392.0,JPY,1,Japan,,,36.0,138.0,,Japan,JP
JPN,949731.0,9762131.0,472214.0,443463.0,9126.0,17153.0,,368.0,126529100,1.0,1.0,1.0,1.0,0.0,1.0,1.0,4.0,2.0,1.0,1.0,42.59,JPN,JP,392.0,JPY,1,Japan,,,36.0,138.0,,Japan,JP
JPN,1002739.0,9804825.0,475054.0,444845.0,9175.0,17642.0,,382.0,126529100,1.0,1.0,1.0,1.0,0.0,1.0,1.0,4.0,2.0,1.0,1.0,42.59,JPN,JP,392.0,JPY,1,Japan,,,36.0,138.0,,Japan,JP
JPN,1050112.0,9872260.0,477659.0,446259.0,9192.0,18776.0,,380.0,126529100,1.0,1.0,1.0,1.0,0.0,1.0,1.0,4.0,2.0,1.0,1.0,42.59,JPN,JP,392.0,JPY,1,Japan,,,36.0,138.0,,Japan,JP
JPN,1096698.0,9941638.0,480416.0,447513.0,9215.0,20216.0,,394.0,126529100,1.0,1.0,1.0,1.0,0.0,1.0,1.0,4.0,2.0,1.0,1.0,42.59,JPN,JP,392.0,JPY,1,Japan,,,36.0,138.0,,Japan,JP
JPN,,10005007.0,483188.0,448922.0,9223.0,21524.0,,408.0,126529100,1.0,1.0,1.0,1.0,0.0,1.0,1.0,4.0,2.0,1.0,1.0,42.59,JPN,JP,392.0,JPY,1,Japan,,,36.0,138.0,,Japan,JP
JPN,,10049113.0,485655.0,450465.0,9235.0,22619.0,,431.0,126529100,1.0,1.0,1.0,1.0,0.0,1.0,1.0,4.0,2.0,1.0,1.0,42.59,JPN,JP,392.0,JPY,1,Japan,,,36.0,138.0,,Japan,JP
JPN,1196884.0,10068046.0,487225.0,452001.0,9254.0,23478.0,,445.0,126529100,1.0,1.0,1.0,1.0,0.0,1.0,1.0,4.0,2.0,1.0,1.0,42.59,JPN,JP,392.0,JPY,1,Japan,,,36.0,138.0,,Japan,JP
JPN,1288566.0,10130624.0,489890.0,453863.0,9282.0,23832.0,,451.0,126529100,1.0,1.0,1.0,1.0,0.0,1.0,1.0,4.0,2.0,1.0,1.0,42.59,JPN,JP,392.0,JPY,1,Japan,,,36.0,138.0,,Japan,JP
JPN,1393108.0,10185014.0,493342.0,455192.0,9312.0,24496.0,,456.0,126529100,1.0,1.0,1.0,1.0,0.0,1.0,1.0,4.0,2.0,1.0,1.0,42.59,JPN,JP,392.0,JPY,1,Japan,,,36.0,138.0,,Japan,JP
JPN,1487606.0,10244852.0,496838.0,456903.0,9337.0,25976.0,,464.0,126529100,1.0,1.0,1.0,1.0,0.0,1.0,1.0,4.0,2.0,1.0,1.0,42.59,JPN,JP,392.0,JPY,1,Japan,,,36.0,138.0,,Japan,JP
JPN,1592517.0,10317762.0,500326.0,458681.0,9364.0,27489.0,,483.0,126529100,1.0,1.0,1.0,1.0,0.0,1.0,1.0,4.0,2.0,1.0,1.0,45.37,JPN,JP,392.0,JPY,1,Japan,,,36.0,138.0,,Japan,JP
JPN,,10387132.0,504090.0,460827.0,9391.0,28881.0,,511.0,126529100,1.0,1.0,1.0,1.0,0.0,1.0,1.0,4.0,2.0,1.0,2.0,45.37,JPN,JP,392.0,JPY,1,Japan,,,36.0,138.0,,Japan,JP
JPN,,10430419.0,506926.0,463560.0,9408.0,29715.0,,520.0,126529100,1.0,1.0,1.0,1.0,0.0,1.0,1.0,4.0,2.0,1.0,2.0,45.37,JPN,JP,392.0,JPY,1,Japan,,,36.0,138.0,,Japan,JP
JPN,1693423.0,10454733.0,509030.0,465672.0,9432.0,30467.0,,563.0,126529100,1.0,1.0,1.0,1.0,0.0,1.0,1.0,4.0,2.0,1.0,2.0,45.37,JPN,JP,392.0,JPY,1,Japan,,,36.0,138.0,,Japan,JP
JPN,1750930.0,10529634.0,512479.0,468574.0,9477.0,30038.0,,596.0,126529100,1.0,1.0,1.0,1.0,0.0,1.0,1.0,4.0,2.0,1.0,2.0,45.37,JPN,JP,392.0,JPY,1,Japan,,,36.0,138.0,,Japan,JP
JPN,1805847.0,10595999.0,516785.0,470803.0,9510.0,31073.0,,608.0,126529100,1.0,1.0,1.0,1.0,0.0,1.0,1.0,4.0,2.0,1.0,2.0,45.37,JPN,JP,392.0,JPY,1,Japan,,,36.0,138.0,,Japan,JP
JPN,1865220.0,10670227.0,521352.0,473391.0,9545.0,32347.0,,631.0,126529100,1.0,1.0,1.0,1.0,0.0,1.0,1.0,4.0,2.0,1.0,2.0,45.37,JPN,JP,392.0,JPY,1,Japan,,,36.0,138.0,,Japan,JP
JPN,1942149.0,10754285.0,525877.0,475579.0,9591.0,34689.0,,670.0,126529100,1.0,1.0,1.0,1.0,0.0,1.0,1.0,4.0,2.0,1.0,2.0,45.37,JPN,JP,392.0,JPY,1,Japan,,,36.0,138.0,,Japan,JP
JPN,1948410.0,10833896.0,530671.0,478194.0,9632.0,36649.0,,702.0,126529100,1.0,1.0,1.0,1.0,0.0,1.0,1.0,4.0,2.0,1.0,2.0,45.37,JPN,JP,392.0,JPY,1,Japan,,,36.0,138.0,,Japan,JP
JPN,1955908.0,10886748.0,534757.0,480582.0,9648.0,38759.0,,723.0,126529100,1.0,1.0,1.0,1.0,0.0,1.0,1.0,4.0,2.0,1.0,2.0,45.37,JPN,JP,392.0,JPY,1,Japan,,,36.0,138.0,,Japan,JP
JPN,2096798.0,10918947.0,537677.0,482875.0,9678.0,40588.0,,738.0,126529100,1.0,1.0,1.0,1.0,0.0,1.0,1.0,4.0,2.0,1.0,2.0,45.37,JPN,JP,392.0,JPY,1,Japan,,,36.0,138.0,,Japan,JP
JPN,2256085.0,11005643.0,542011.0,485823.0,9723.0,40877.0,,769.0,126529100,1.0,1.0,1.0,1.0,0.0,1.0,1.0,4.0,2.0,1.0,2.0,45.37,JPN,JP,392.0,JPY,1,Japan,,,36.0,138.0,,Japan,JP
JPN,2447341.0,11079602.0,547297.0,488741.0,9772.0,42054.0,,791.0,126529100,1.0,1.0,1.0,1.0,0.0,1.0,1.0,4.0,2.0,1.0,2.0,45.37,JPN,JP,392.0,JPY,1,Japan,,,36.0,138.0,,Japan,JP
JPN,2634664.0,11177177.0,552790.0,491441.0,9814.0,44187.0,,805.0,126529100,1.0,1.0,1.0,1.0,0.0,1.0,1.0,4.0,2.0,1.0,2.0,45.37,JPN,JP,392.0,JPY,1,Japan,,,36.0,138.0,,Japan,JP
JPN,2843589.0,11273132.0,557895.0,494682.0,9871.0,46261.0,,816.0,126529100,1.0,1.0,1.0,1.0,0.0,1.0,1.0,4.0,2.0,1.0,2.0,45.37,JPN,JP,392.0,JPY,1,Japan,,,36.0,138.0,,Japan,JP
JPN,2865890.0,11365991.0,563490.0,498034.0,9925.0,48197.0,,837.0,126529100,1.0,1.0,1.0,1.0,0.0,1.0,1.0,4.0,2.0,1.0,2.0,45.37,JPN,JP,392.0,JPY,1,Japan,,,36.0,138.0,,Japan,JP
JPN,2885790.0,11426388.0,568090.0,501386.0,9976.0,49806.0,,864.0,126529100,1.0,2.0,1.0,1.0,0.0,1.0,1.0,4.0,2.0,1.0,2.0,49.07,JPN,JP,392.0,JPY,1,Japan,,,36.0,138.0,,Japan,JP
JPN,3188668.0,11464138.0,571405.0,504500.0,10011.0,51302.0,,898.0,126529100,1.0,2.0,1.0,1.0,0.0,1.0,1.0,4.0,2.0,1.0,2.0,49.07,JPN,JP,392.0,JPY,1,Japan,,,36.0,138.0,,Japan,JP
JPN,3444143.0,11550594.0,576362.0,508149.0,10074.0,51733.0,,916.0,126529100,1.0,2.0,1.0,1.0,0.0,1.0,1.0,4.0,2.0,1.0,2.0,49.07,JPN,JP,392.0,JPY,1,Japan,,,36.0,138.0,,Japan,JP
JPN,3735858.0,11632712.0,582147.0,511815.0,10125.0,52543.0,,953.0,126529100,1.0,2.0,1.0,1.0,0.0,1.0,1.0,4.0,2.0,1.0,2.0,49.07,JPN,JP,392.0,JPY,1,Japan,,,36.0,138.0,,Japan,JP
JPN,3750603.0,11702186.0,588050.0,515309.0,10203.0,54200.0,,951.0,126529100,1.0,2.0,1.0,1.0,0.0,1.0,1.0,4.0,2.0,1.0,2.0,49.07,JPN,JP,392.0,JPY,1,Japan,,,36.0,138.0,,Japan,JP
JPN,4065420.0,11795944.0,592729.0,518818.0,10242.0,56281.0,,978.0,126529100,1.0,2.0,1.0,1.0,0.0,1.0,1.0,4.0,2.0,1.0,2.0,49.07,JPN,JP,392.0,JPY,1,Japan,,,36.0,138.0,,Japan,JP
JPN,4095053.0,11897791.0,598709.0,522967.0,10325.0,57235.0,,1020.0,126529100,1.0,2.0,1.0,1.0,0.0,1.0,1.0,4.0,2.0,1.0,2.0,49.07,JPN,JP,392.0,JPY,1,Japan,,,36.0,138.0,,Japan,JP
JPN,4117407.0,11968449.0,604599.0,526911.0,10386.0,58853.0,,1050.0,126529100,1.0,2.0,1.0,1.0,0.0,1.0,1.0,4.0,2.0,1.0,2.0,49.07,JPN,JP,392.0,JPY,1,Japan,,,36.0,138.0,,Japan,JP
JPN,4124485.0,12007007.0,609061.0,530679.0,10436.0,60297.0,,1084.0,126529100,1.0,2.0,1.0,1.0,0.0,1.0,1.0,4.0,2.0,1.0,2.0,49.07,JPN,JP,392.0,JPY,1,Japan,,,36.0,138.0,,Japan,JP
JPN,4132292.0,12053709.0,613254.0,534365.0,10486.0,61425.0,,1083.0,126529100,1.0,2.0,1.0,1.0,0.0,1.0,1.0,4.0,2.0,1.0,2.0,49.07,JPN,JP,392.0,JPY,1,Japan,,,36.0,138.0,,Japan,JP
JPN,4141950.0,12082418.0,617316.0,538437.0,10546.0,61843.0,,1114.0,126529100,1.0,2.0,1.0,1.0,0.0,1.0,1.0,4.0,2.0,1.0,2.0,49.07,JPN,JP,392.0,JPY,1,Japan,,,36.0,138.0,,Japan,JP
JPN,4516037.0,12150722.0,621686.0,542006.0,10611.0,61855.0,,1098.0,126529100,1.0,2.0,1.0,1.0,0.0,1.0,1.0,4.0,2.0,1.0,2.0,49.07,JPN,JP,392.0,JPY,1,Japan,,,36.0,138.0,,Japan,JP
JPN,4697865.0,12241999.0,627732.0,545806.0,10759.0,62614.0,,1131.0,126529100,1.0,2.0,1.0,1.0,0.0,1.0,1.0,4.0,2.0,1.0,2.0,49.07,JPN,JP,392.0,JPY,1,Japan,,,36.0,138.0,,Japan,JP
JPN,4756679.0,12353334.0,634961.0,550983.0,10845.0,63478.0,,1131.0,126529100,1.0,2.0,1.0,1.0,0.0,1.0,1.0,4.0,2.0,1.0,2.0,49.07,JPN,JP,392.0,JPY,1,Japan,,,36.0,138.0,,Japan,JP
JPN,4833079.0,12426322.0,641443.0,555181.0,10910.0,65131.0,,1144.0,126529100,1.0,2.0,1.0,1.0,0.0,1.0,1.0,4.0,2.0,1.0,2.0,49.07,JPN,JP,392.0,JPY,1,Japan,,,36.0,138.0,,Japan,JP
JPN,5162592.0,12469553.0,646381.0,559335.0,10981.0,67198.0,,1152.0,126529100,1.0,2.0,1.0,1.0,0.0,1.0,1.0,4.0,2.0,1.0,2.0,49.07,JPN,JP,392.0,JPY,1,Japan,,,36.0,138.0,,Japan,JP
JPN,5470092.0,12602793.0,652616.0,563903.0,11094.0,68228.0,,1176.0,126529100,1.0,2.0,1.0,1.0,0.0,1.0,1.0,4.0,2.0,1.0,2.0,49.07,JPN,JP,392.0,JPY,1,Japan,,,36.0,138.0,,Japan,JP
JPN,5825404.0,12700938.0,659663.0,568331.0,11200.0,69420.0,,1189.0,126529100,1.0,2.0,1.0,1.0,0.0,1.0,1.0,4.0,2.0,1.0,2.0,49.07,JPN,JP,392.0,JPY,1,Japan,,,36.0,138.0,,Japan,JP
JPN,6214040.0,12789711.0,666534.0,573686.0,11301.0,70250.0,,1214.0,126529100,1.0,2.0,1.0,1.0,0.0,1.0,1.0,4.0,2.0,1.0,2.0,49.07,JPN,JP,392.0,JPY,1,Japan,,,36.0,138.0,,Japan,JP
JPN,6597621.0,12913954.0,672795.0,579204.0,11382.0,71289.0,,1209.0,126529100,1.0,2.0,1.0,1.0,0.0,1.0,1.0,4.0,2.0,1.0,2.0,49.07,JPN,JP,392.0,JPY,1,Japan,,,36.0,138.0,,Japan,JP
JPN,6746470.0,13015244.0,679211.0,584525.0,11476.0,72903.0,,1231.0,126529100,1.0,2.0,1.0,1.0,0.0,1.0,1.0,4.0,2.0,1.0,2.0,49.07,JPN,JP,392.0,JPY,1,Japan,,,36.0,138.0,,Japan,JP
JPN,6946143.0,13084423.0,684466.0,589795.0,11523.0,73562.0,,1223.0,126529100,1.0,2.0,1.0,1.0,0.0,1.0,1.0,4.0,2.0,1.0,2.0,49.07,JPN,JP,392.0,JPY,1,Japan,,,36.0,138.0,,Japan,JP
JPN,7521503.0,13122469.0,688142.0,594915.0,11645.0,73388.0,,1227.0,126529100,1.0,2.0,1.0,1.0,0.0,1.0,1.0,4.0,2.0,1.0,2.0,49.07,JPN,JP,392.0,JPY,1,Japan,,,36.0,138.0,,Japan,JP
JPN,8045880.0,13220299.0,693366.0,602099.0,11860.0,70709.0,,1235.0,126529100,1.0,2.0,1.0,1.0,0.0,1.0,1.0,4.0,2.0,1.0,2.0,49.07,JPN,JP,392.0,JPY,1,Japan,,,36.0,138.0,,Japan,JP
JPN,8639803.0,13307674.0,699152.0,608692.0,11957.0,68363.0,,1293.0,126529100,1.0,2.0,1.0,1.0,0.0,1.0,1.0,4.0,2.0,1.0,2.0,49.07,JPN,JP,392.0,JPY,1,Japan,,,36.0,138.0,,Japan,JP
JPN,9143475.0,13458167.0,704863.0,615098.0,12063.0,66925.0,,1288.0,126529100,1.0,2.0,1.0,1.0,0.0,1.0,1.0,4.0,2.0,1.0,2.0,49.07,JPN,JP,392.0,JPY,1,Japan,,,36.0,138.0,,Japan,JP
JPN,9679630.0,13556976.0,710108.0,621334.0,12175.0,66809.0,,1294.0,126529100,1.0,2.0,1.0,1.0,0.0,1.0,1.0,4.0,2.0,1.0,2.0,49.07,JPN,JP,392.0,JPY,1,Japan,,,36.0,138.0,,Japan,JP
JPN,9979777.0,13675634.0,715143.0,628237.0,12258.0,65829.0,,1303.0,126529100,1.0,2.0,1.0,1.0,0.0,1.0,1.0,4.0,2.0,1.0,2.0,49.07,JPN,JP,392.0,JPY,1,Japan,,,36.0,138.0,,Japan,JP
JPN,10316680.0,13744292.0,719183.0,633847.0,12320.0,64845.0,,1304.0,126529100,1.0,2.0,1.0,1.0,0.0,1.0,1.0,4.0,2.0,1.0,2.0,49.07,JPN,JP,392.0,JPY,1,Japan,,,36.0,138.0,,Japan,JP
JPN,11075058.0,13781400.0,721893.0,639557.0,12405.0,64058.0,,1300.0,126529100,1.0,2.0,1.0,1.0,0.0,1.0,1.0,4.0,2.0,1.0,2.0,49.07,JPN,JP,392.0,JPY,1,Japan,,,36.0,138.0,,Japan,JP
JPN,11706975.0,13875603.0,725787.0,644851.0,12510.0,61627.0,,1294.0,126529100,1.0,2.0,1.0,1.0,0.0,1.0,1.0,4.0,2.0,1.0,2.0,49.07,JPN,JP,392.0,JPY,1,Japan,,,36.0,138.0,,Japan,JP
JPN,12400597.0,13946747.0,730318.0,649803.0,12626.0,60349.0,,1413.0,126529100,1.0,2.0,1.0,1.0,0.0,1.0,1.0,4.0,2.0,1.0,2.0,49.07,JPN,JP,392.0,JPY,1,Japan,,,36.0,138.0,,Japan,JP
JPN,13103132.0,14035208.0,734452.0,654920.0,12744.0,59279.0,,1371.0,126529100,1.0,2.0,1.0,1.0,0.0,1.0,1.0,4.0,2.0,1.0,2.0,49.07,JPN,JP,392.0,JPY,1,Japan,,,36.0,138.0,,Japan,JP
JPN,13797108.0,14153707.0,738154.0,659431.0,12839.0,58591.0,,1375.0,126529100,1.0,2.0,1.0,1.0,0.0,1.0,1.0,4.0,2.0,1.0,2.0,49.07,JPN,JP,392.0,JPY,1,Japan,,,36.0,138.0,,Japan,JP
JPN,14299448.0,14274027.0,741744.0,666629.0,12930.0,56091.0,,1383.0,126529100,1.0,2.0,1.0,1.0,0.0,1.0,1.0,4.0,2.0,1.0,2.0,49.07,JPN,JP,392.0,JPY,1,Japan,,,36.0,138.0,,Japan,JP
JPN,14810112.0,14333614.0,744617.0,670975.0,12979.0,55510.0,,1347.0,126529100,1.0,2.0,1.0,1.0,0.0,1.0,1.0,4.0,2.0,1.0,2.0,49.07,JPN,JP,392.0,JPY,1,Japan,,,36.0,138.0,,Japan,JP
JPN,15671488.0,14365902.0,746409.0,675503.0,13059.0,53748.0,,1349.0,126529100,1.0,2.0,1.0,1.0,0.0,1.0,1.0,4.0,2.0,1.0,2.0,49.07,JPN,JP,392.0,JPY,1,Japan,,,36.0,138.0,,Japan,JP
JPN,16511021.0,14453145.0,749052.0,680125.0,13160.0,51590.0,,1323.0,126529100,1.0,2.0,1.0,1.0,0.0,1.0,1.0,4.0,2.0,1.0,2.0,49.07,JPN,JP,392.0,JPY,1,Japan,,,36.0,138.0,,Japan,JP
JPN,17399027.0,14522247.0,752086.0,684553.0,13273.0,49471.0,,1284.0,126529100,1.0,2.0,1.0,1.0,0.0,1.0,1.0,4.0,2.0,1.0,2.0,49.07,JPN,JP,392.0,JPY,1,Japan,,,36.0,138.0,,Japan,JP
JPN,18275650.0,14600561.0,754915.0,690064.0,13384.0,46968.0,,1227.0,126529100,1.0,2.0,1.0,1.0,0.0,1.0,1.0,4.0,2.0,1.0,2.0,49.07,JPN,JP,392.0,JPY,1,Japan,,,36.0,138.0,,Japan,JP
JPN,19128235.0,14778824.0,757507.0,694363.0,13470.0,45491.0,,1198.0,126529100,1.0,2.0,1.0,1.0,0.0,1.0,1.0,4.0,2.0,1.0,2.0,49.07,JPN,JP,392.0,JPY,1,Japan,,,36.0,138.0,,Japan,JP
JPN,19823249.0,14879330.0,760156.0,699339.0,13534.0,43288.0,,1157.0,126529100,1.0,2.0,1.0,1.0,0.0,1.0,1.0,4.0,2.0,1.0,2.0,49.07,JPN,JP,392.0,JPY,1,Japan,,,36.0,138.0,,Japan,JP
JPN,20536571.0,14936069.0,762177.0,703031.0,13584.0,42129.0,,1131.0,126529100,1.0,2.0,1.0,1.0,0.0,1.0,1.0,4.0,2.0,1.0,2.0,49.07,JPN,JP,392.0,JPY,1,Japan,,,36.0,138.0,,Japan,JP
JPN,21544869.0,14964722.0,763454.0,706149.0,13659.0,41063.0,,1120.0,126529100,2.0,2.0,2.0,2.0,0.0,1.0,1.0,4.0,2.0,1.0,2.0,55.09,JPN,JP,392.0,JPY,1,Japan,,,36.0,138.0,,Japan,JP
JPN,22557179.0,15039856.0,765334.0,709710.0,13758.0,39076.0,,1099.0,126529100,2.0,2.0,2.0,2.0,0.0,1.0,1.0,4.0,2.0,1.0,2.0,55.09,JPN,JP,392.0,JPY,1,Japan,,,36.0,138.0,,Japan,JP
JPN,23610006.0,15106526.0,767571.0,713308.0,13854.0,37134.0,,1055.0,126529100,2.0,2.0,2.0,2.0,0.0,1.0,1.0,4.0,2.0,1.0,2.0,55.09,JPN,JP,392.0,JPY,1,Japan,,,36.0,138.0,,Japan,JP
JPN,24631569.0,15171267.0,769613.0,717199.0,13925.0,35331.0,,1015.0,126529100,2.0,2.0,2.0,2.0,0.0,1.0,1.0,4.0,2.0,1.0,2.0,55.09,JPN,JP,392.0,JPY,1,Japan,,,36.0,138.0,,Japan,JP
JPN,25627791.0,15247804.0,771544.0,720639.0,13988.0,34005.0,,942.0,126529100,2.0,2.0,2.0,2.0,0.0,1.0,1.0,4.0,2.0,1.0,2.0,55.09,JPN,JP,392.0,JPY,1,Japan,,,36.0,138.0,,Japan,JP
JPN,26483635.0,15349687.0,773485.0,724315.0,14043.0,32291.0,,890.0,126529100,2.0,2.0,2.0,2.0,0.0,1.0,1.0,4.0,2.0,1.0,2.0,55.09,JPN,JP,392.0,JPY,1,Japan,,,36.0,138.0,,Japan,JP
JPN,27339604.0,15403822.0,774868.0,727342.0,14075.0,31308.0,,852.0,126529100,2.0,2.0,2.0,2.0,0.0,1.0,1.0,4.0,2.0,1.0,2.0,55.09,JPN,JP,392.0,JPY,1,Japan,,,36.0,138.0,,Japan,JP
JPN,28445089.0,15431320.0,775801.0,729434.0,14135.0,30590.0,,849.0,126529100,2.0,2.0,2.0,2.0,0.0,1.0,1.0,4.0,2.0,1.0,2.0,55.09,JPN,JP,392.0,JPY,1,Japan,,,36.0,138.0,,Japan,JP
JPN,29537940.0,15494981.0,777217.0,732800.0,14202.0,28289.0,,827.0,126529100,2.0,2.0,2.0,2.0,0.0,1.0,1.0,4.0,2.0,1.0,2.0,55.09,JPN,JP,392.0,JPY,1,Japan,,,36.0,138.0,,Japan,JP
JPN,30670380.0,15557809.0,778923.0,736502.0,14282.0,25867.0,,803.0,126529100,2.0,2.0,2.0,2.0,0.0,1.0,1.0,4.0,2.0,1.0,2.0,55.09,JPN,JP,392.0,JPY,1,Japan,,,36.0,138.0,,Japan,JP
JPN,31807465.0,15625744.0,780473.0,739598.0,14329.0,24382.0,,763.0,126529100,2.0,2.0,2.0,2.0,0.0,1.0,1.0,4.0,2.0,1.0,2.0,55.09,JPN,JP,392.0,JPY,1,Japan,,,36.0,138.0,,Japan,JP
JPN,32882714.0,15698345.0,782092.0,742452.0,14377.0,23041.0,,775.0,126529100,2.0,2.0,2.0,2.0,0.0,1.0,1.0,4.0,2.0,1.0,2.0,55.09,JPN,JP,392.0,JPY,1,Japan,,,36.0,138.0,,Japan,JP
JPN,33851097.0,15769707.0,783611.0,745896.0,14405.0,21210.0,,740.0,126529100,2.0,2.0,2.0,2.0,0.0,1.0,1.0,4.0,2.0,1.0,2.0,55.09,JPN,JP,392.0,JPY,1,Japan,,,36.0,138.0,,Japan,JP
JPN,34831303.0,15815670.0,784917.0,748202.0,14425.0,20343.0,,714.0,126529100,2.0,2.0,2.0,2.0,0.0,1.0,1.0,4.0,2.0,1.0,2.0,55.09,JPN,JP,392.0,JPY,1,Japan,,,36.0,138.0,,Japan,JP
JPN,35984648.0,15849376.0,785785.0,749905.0,14460.0,19866.0,,721.0,126529100,1.0,2.0,2.0,2.0,0.0,1.0,1.0,4.0,2.0,1.0,2.0,53.24,JPN,JP,392.0,JPY,1,Japan,,,36.0,138.0,,Japan,JP
JPN,37117196.0,15902304.0,787220.0,752042.0,14504.0,18814.0,,697.0,126529100,1.0,2.0,2.0,2.0,0.0,1.0,1.0,4.0,2.0,1.0,2.0,53.24,JPN,JP,392.0,JPY,1,Japan,,,36.0,138.0,,Japan,JP
JPN,38287635.0,15956332.0,788999.0,753922.0,14562.0,18210.0,,646.0,126529100,1.0,2.0,2.0,2.0,0.0,1.0,1.0,4.0,2.0,1.0,2.0,53.24,JPN,JP,392.0,JPY,1,Japan,,,36.0,138.0,,Japan,JP
JPN,39430692.0,16020381.0,790671.0,755897.0,14604.0,17996.0,,629.0,126529100,1.0,2.0,2.0,2.0,0.0,1.0,1.0,4.0,2.0,1.0,2.0,53.24,JPN,JP,392.0,JPY,1,Japan,,,36.0,138.0,,Japan,JP
JPN,40587383.0,16082802.0,792379.0,757487.0,14635.0,18004.0,,590.0,126529100,1.0,2.0,2.0,2.0,0.0,1.0,1.0,4.0,2.0,1.0,2.0,53.24,JPN,JP,392.0,JPY,1,Japan,,,36.0,138.0,,Japan,JP
JPN,41599279.0,16174842.0,794009.0,759799.0,14664.0,17425.0,,577.0,126529100,1.0,2.0,2.0,2.0,0.0,1.0,1.0,4.0,2.0,1.0,2.0,53.24,JPN,JP,392.0,JPY,1,Japan,,,36.0,138.0,,Japan,JP
JPN,42611637.0,16221298.0,795291.0,761520.0,14674.0,17291.0,,567.0,126529100,1.0,2.0,2.0,2.0,0.0,1.0,1.0,4.0,2.0,1.0,2.0,53.24,JPN,JP,392.0,JPY,1,Japan,,,36.0,138.0,,Japan,JP
JPN,43667875.0,16245155.0,796292.0,763017.0,14712.0,17102.0,,564.0,126529100,1.0,2.0,2.0,2.0,0.0,1.0,1.0,4.0,2.0,1.0,2.0,53.24,JPN,JP,392.0,JPY,1,Japan,,,36.0,138.0,,Japan,JP
JPN,44675880.0,16311962.0,797671.0,764566.0,14742.0,16620.0,,552.0,126529100,1.0,2.0,2.0,2.0,0.0,1.0,1.0,4.0,2.0,1.0,2.0,53.24,JPN,JP,392.0,JPY,1,Japan,,,36.0,138.0,,Japan,JP
JPN,45612120.0,16375808.0,799491.0,766226.0,14783.0,16240.0,,523.0,126529100,1.0,2.0,2.0,2.0,0.0,1.0,1.0,4.0,2.0,1.0,2.0,53.24,JPN,JP,392.0,JPY,1,Japan,,,36.0,138.0,,Japan,JP
JPN,46248972.0,16445549.0,801244.0,767849.0,14807.0,16359.0,,517.0,126529100,1.0,2.0,2.0,2.0,0.0,1.0,1.0,4.0,2.0,1.0,2.0,53.24,JPN,JP,392.0,JPY,1,Japan,,,36.0,138.0,,Japan,JP
JPN,,16525536.0,803020.0,769626.0,14832.0,16333.0,,511.0,126529100,1.0,2.0,2.0,2.0,0.0,1.0,1.0,4.0,2.0,1.0,2.0,53.24,JPN,JP,392.0,JPY,1,Japan,,,36.0,138.0,,Japan,JP
JPN,,16596072.0,804901.0,771417.0,14841.0,16284.0,,501.0,126529100,,,,,,,,,,,,53.24,JPN,JP,392.0,JPY,1,Japan,,,36.0,138.0,,Japan,JP
JPN,,16638003.0,806385.0,773110.0,14847.0,16452.0,,496.0,126529100,,,,,,,,,,,,53.24,JPN,JP,392.0,JPY,1,Japan,,,36.0,138.0,,Japan,JP
JPN,,0.0,807413.0,0.0,14865.0,,,,126529100,,,,,,,,,,,,53.24,JPN,JP,392.0,JPY,1,Japan,,,36.0,138.0,,Japan,JP
